country,name,full_name,,,id,,tag
argentina,Argentina 1Y,Argentina 1-Year,,,950987,,argentina-1-year
argentina,Argentina 3Y,Argentina 3-Year,,,23958,,argentina-3-year-bond-yield
argentina,Argentina 5Y,Argentina 5 Year,,,1141783,,argentina-5-year
argentina,Argentina 9Y,Argentina 9-Year,,,1052503,,argentina-9-year
australia,Australia 30Y,Australia 30-Year,,,1052473,,australia-30-year
australia,Australia 20Y,Australia 20-Year,,,1052472,,australia-20-year
australia,Australia 15Y,Australia 15-Year,,,23880,,australia-15-year-bond-yield
australia,Australia 12Y,Australia 12-Year,,,23879,,australia-12-year-bond-yield
australia,Australia 10Y,Australia 10-Year,,,23878,,australia-10-year-bond-yield
australia,Australia 8Y,Australia 8-Year,,,23876,,australia-8-year-bond-yield
australia,Australia 9Y,Australia 9-Year,,,23877,,australia-9-year-bond-yield
australia,Australia 6Y,Australia 6-Year,,,23874,,australia-6-year-bond-yield
australia,Australia 5Y,Australia 5-Year,,,23873,,australia-5-year-bond-yield
australia,Australia 4Y,Australia 4-Year,,,23872,,australia-4-year-bond-yield
australia,Australia 3Y,Australia 3-Year,,,23871,,australia-3-year-bond-yield
australia,Australia 2Y,Australia 2-Year,,,23870,,australia-2-year-bond-yield
australia,Australia 1Y,Australia 1-Year,,,23869,,australia-1-year-bond-yield
australia,Australia 7Y,Australia 7-Year,,,23875,,australia-7-year-bond-yield
austria,Austria 10Y,Austria 10-Year,,,23862,,austria-10-year-bond-yield
austria,Austria 50Y,Austria 50-Year,,,23865,,austria-50-year-bond-yield
austria,Austria 30Y,Austria 30-Year,,,1052399,,austria-30-year
austria,Austria 25Y,Austria 25-Year,,,23864,,austria-25-year-bond-yield
austria,Austria 20Y,Austria 20-Year,,,23861,,austria-9-year-bond-yield
austria,Austria 15Y,Austria 15-Year,,,23863,,austria-15-year-bond-yield
austria,Austria 9Y,Austria 9-Year,,,1052471,,austria-9-year
austria,Austria 3Y,Austria 3-Year,,,23855,,austria-3-year-bond-yield
austria,Austria 7Y,Austria 7-Year,,,23859,,austria-7-year-bond-yield
austria,Austria 6Y,Austria 6-Year,,,23858,,austria-6-year-bond-yield
austria,Austria 5Y,Austria 5-Year,,,23857,,austria-5-year-bond-yield
austria,Austria 4Y,Austria 4-Year,,,23856,,austria-4-year-bond-yield
austria,Austria 2Y,Austria 2-Year,,,23854,,austria-2-year-bond-yield
austria,Austria 1Y,Austria 1-Year,,,23853,,austria-1-year-bond-yield
austria,Austria 8Y,Austria 8-Year,,,23860,,austria-8-year-bond-yield
bahrain,Bahrain 3M,Bahrain 3-Month,,,1052506,,bahrain-3-month
bahrain,Bahrain 6M,Bahrain 6-Month,,,1052508,,bahrain-6-month
bahrain,Bahrain 9M,Bahrain 9-Month,,,1052509,,bahrain-9-month
bahrain,Bahrain 1Y,Bahrain 1-Year,,,1052504,,bahrain-1-year
bahrain,Bahrain 2Y,Bahrain 2-Year,,,1052505,,bahrain-2-year
bahrain,Bahrain 5Y,Bahrain 5-Year,,,1052507,,bahrain-5-year
bangladesh,Bangladesh 15Y,Bangladesh 15-Year,,,1052586,,bangladesh-15-year
bangladesh,Bangladesh 20Y,Bangladesh 20-Year,,,1052588,,bangladesh-20-year
bangladesh,Bangladesh 5Y,Bangladesh 5-Year,,,1052591,,bangladesh-5-year
bangladesh,Bangladesh 10Y,Bangladesh 10-Year,,,1052585,,bangladesh-10-year
bangladesh,Bangladesh 1Y,Bangladesh 1-Year,,,1052587,,bangladesh-1-year
bangladesh,Bangladesh 3M,Bangladesh 3-Month,,,1052590,,bangladesh-3-month
bangladesh,Bangladesh 2Y,Bangladesh 2-Year,,,1052589,,bangladesh-2-year
bangladesh,Bangladesh 6M,Bangladesh 6-Month,,,1052592,,bangladesh-6-month
belgium,Belgium 5Y,Belgium 5-Year,,,23821,,belguim-5-year-bond-yield
belgium,Belgium 20Y,Belgium 20-Year,,,23828,,belguim-20-year-bond-yield
belgium,Belgium 15Y,Belgium 15-Year,,,23827,,belguim-15-year-bond-yield
belgium,Belgium 10Y,Belgium 10-Year,,,23826,,belguim-10-year-bond-yield
belgium,Belgium 9Y,Belgium 9-Year,,,23825,,belguim-9-year-bond-yield
belgium,Belgium 8Y,Belgium 8-Year,,,23824,,belguim-8-year-bond-yield
belgium,Belgium 7Y,Belgium 7-Year,,,23823,,belguim-7-year-bond-yield
belgium,Belgium 6Y,Belgium 6-Year,,,23822,,belguim-6-year-bond-yield
belgium,Belgium 3Y,Belgium 3-Year,,,23819,,belguim-3-year-bond-yield
belgium,Belgium 2Y,Belgium 2-Year,,,23818,,belguim-2-year-bond-yield
belgium,Belgium 1Y,Belgium 1-Year,,,23817,,belguim-1-year-bond-yield
belgium,Belgium 9M,Belgium 9-Month,,,1052469,,belgium-9-month
belgium,Belgium 6M,Belgium 6-Month,,,23816,,belguim-6-month-bond-yield
belgium,Belgium 3M,Belgium 3-Month,,,23815,,belguim-3-month-bond-yield
belgium,Belgium 1M,Belgium 1-Month,,,1052468,,belgium-1-month
belgium,Belgium 4Y,Belgium 4-Year,,,23820,,belguim-4-year-bond-yield
botswana,Botswana 7Y,Botswana 7-Year,,,42368,,botswana-7-years-bond-yield
botswana,Botswana 13Y,Botswana 13-Years,,,1080086,,botswana-13-years
botswana,Botswana 5Y,Botswana 5-Year,,,1080087,,botswana-5-years
botswana,Botswana 6M,Botswana 6-Month,,,42379,,botswana-6-months-bond-yield
botswana,Botswana 3Y,Botswana 3-Year,,,42373,,botswana-3-years-bond-yield
brazil,Brazil 3M,Brazil 3-Month,,,1052514,,brazil-3-month
brazil,Brazil 6M,Brazil 6-Month,,,1052515,,brazil-6-month
brazil,Brazil 9M,Brazil 9-Month,,,24023,,brazil-9-month-bond-yield
brazil,Brazil 1Y,Brazil 1-Year,,,24024,,brazil-1-year-bond-yield
brazil,Brazil 2Y,Brazil 2-Year,,,24025,,brazil-2-year-bond-yield
brazil,Brazil 3Y,Brazil 3-Year,,,24026,,brazil-3-year-bond-yield
brazil,Brazil 5Y,Brazil 5-Year,,,24027,,brazil-5-year-bond-yield
brazil,Brazil 8Y,Brazil 8-Year,,,24028,,brazil-6-year-bond-yield
brazil,Brazil 10Y,Brazil 10-Year,,,24029,,brazil-10-year-bond-yield
bulgaria,Bulgaria 10Y,Bulgaria 10-Year,,,23996,,bulgaria-10-year-bond-yield
bulgaria,Bulgaria 7Y,Bulgaria 7-Year,,,23995,,bulgaria-7-year-bond-yield
bulgaria,Bulgaria 5Y,Bulgaria 5-Year,,,23994,,bulgaria-5-year-bond-yield
bulgaria,Bulgaria 1M,Bulgaria 1-Month,,,23991,,bulgaria-1-month-bond-yield
bulgaria,Bulgaria 1Y,Bulgaria 1-Year,,,23992,,bulgaria-1-year-bond-yield
bulgaria,Bulgaria 3Y,Bulgaria 3-Year,,,23993,,bulgaria-3-year-bond-yield
canada,Canada 5Y,Canada 5-Year,,,25273,,canada-5-year-bond-yield
canada,Canada 30Y,Canada 30-Year,,,25277,,canada-30-year-bond-yield
canada,Canada 20Y,Canada 20-Year,,,25276,,canada-20-year-bond-yield
canada,Canada 10Y,Canada 10-Year,,,25275,,canada-10-year-bond-yield
canada,Canada 7Y,Canada 7-Year,,,25274,,canada-7-year-bond-yield
canada,Canada 4Y,Canada 4-Year,,,25272,,canada-4-year-bond-yield
canada,Canada 2Y,Canada 2-Year,,,25270,,canada-2-year-bond-yield
canada,Canada 3Y,Canada 3-Year,,,25271,,canada-3-year-bond-yield
canada,Canada 1Y,Canada 1-Year,,,25269,,canada-1-year-bond-yield
canada,Canada 6M,Canada 6-Month,,,25268,,canada-6-month-bond-yield
canada,Canada 3M,Canada 3-Month,,,25267,,canada-3-month-bond-yield
canada,Canada 2M,Canada 2-Month,,,25266,,canada-2-month-bond-yield
canada,Canada 1M,Canada 1-Month,,,25265,,canada-1-month-bond-yield
chile,Chile 10Y,Chile 10-Year,,,29214,,chile-10-year-bond-yield
chile,Chile 8Y,Chile 8-Year,,,29223,,chile-8-year-bond-yield
chile,Chile 5Y,Chile 5-Year,,,29222,,chile-5-year-bond-yield
chile,Chile 3Y,Chile 3-Year,,,29220,,chile-3-year-bond-yield
chile,Chile 2Y,Chile 2-Year,,,29219,,chile-2-year-bond-yield
chile,Chile 1Y,Chile 1-Year,,,29218,,chile-1-year-bond-yield
chile,Chile 4Y,Chile 4-Year,,,29221,,chile-4-year-bond-yield
china,China 10Y,China 10-Year,,,29227,,china-10-year-bond-yield
china,China 20Y,China 20-Year,,,29229,,china-20-year-bond-yield
china,China 15Y,China 15-Year,,,29228,,china-15-year-bond-yield
china,China 7Y,China 7-Year,,,29235,,china-7-year-bond-yield
china,China 30Y,China 30-Year,,,29230,,china-30-year-bond-yield
china,China 3Y,China 3-Year,,,29233,,china-3-year-bond-yield
china,China 2Y,China 2-Year,,,29232,,china-2-year-bond-yield
china,China 1Y,China 1-Year,,,29231,,china-1-year-bond-yield
china,China 5Y,China 5-Year,,,29234,,china-5-year-bond-yield
colombia,Colombia 1Y,Colombia 1-Year,,,29238,,colombia-2-year-bond-yield
colombia,Colombia 4Y,Colombia 4-Year,,,29239,,colombia-3-year-bond-yield
colombia,Colombia 5Y,Colombia 5-Year,,,29240,,colombia-5-year-bond-yield
colombia,Colombia 10Y,Colombia 10-Year,,,29236,,colombia-10-year-bond-yield
colombia,Colombia 15Y,Colombia 15-Year,,,29237,,colombia-15-year-bond-yield
croatia,Croatia 10Y,Croatia 10-Year,,,24002,,croatia-10-year-bond-yield
croatia,Croatia 3Y,Croatia 3-Year,,,24000,,croatia-3-year-bond-yield
croatia,Croatia 5Y,Croatia 5-Year,,,24001,,croatia-5-year-bond-yield
croatia,Croatia 9M,Croatia 9-Month,,,23998,,croatia-9-month-bond-yield
croatia,Croatia 1Y,Croatia 1-Year,,,23999,,croatia-1-year-bond-yield
cyprus,Cyprus 1Y,Cyprus 1-Year,,,1117979,,cyprus-1-year
cyprus,Cyprus 3Y,Cyprus 3-Year,,,1090692,,cyprus-3-year-bond-yield
cyprus,Cyprus 5Y,Cyprus 5-Year,,,1090693,,cyprus-5-year-bond-yield
cyprus,Cyprus 7Y,Cyprus 7-Year,,,1090695,,cyprus-7-year-bond-yield
cyprus,Cyprus 10Y,Cyprus 10-Year,,,1117981,,cyprus-10-year
czech republic,Czech Republic 8Y,Czech Republic 8-Year,,,1052517,,czech-republic-8-year
czech republic,Czech Republic 50Y,Czech Republic 50-Year,,,29246,,czech-republic-50-year-bond-yield
czech republic,Czech Republic 20Y,Czech Republic 20-Year,,,1052516,,czech-republic-20-year
czech republic,Czech Republic 15Y,Czech Republic 15-Year,,,29243,,czech-republic-15-year-bond-yield
czech republic,Czech Republic 10Y,Czech Republic 10-Year,,,29241,,czech-republic-10-year-bond-yield
czech republic,Czech Republic 9Y,Czech Republic 9-Year,,,29255,,czech-republic-9-year-bond-yield
czech republic,Czech Republic 7Y,Czech Republic 7-Year,,,29254,,czech-republic-7-year-bond-yield
czech republic,Czech Republic 4Y,Czech Republic 4-Year,,,29251,,czech-republic-4-year-bond-yield
czech republic,Czech Republic 5Y,Czech Republic 5-Year,,,29252,,czech-republic-5-year-bond-yield
czech republic,Czech Republic 6Y,Czech Republic 6-Year,,,29253,,czech-republic-6-year-bond-yield
czech republic,Czech Republic 3Y,Czech Republic 3-Year,,,29250,,czech-republic-3-year-bond-yield
czech republic,Czech Republic 2Y,Czech Republic 2-Year,,,29249,,czech-republic-2-year-bond-yield
czech republic,Czech Republic 1Y,Czech Republic 1-Year,,,29248,,czech-republic-1-year-bond-yield
egypt,Egypt 10Y,Egypt 10-Year,,,40639,,egypt-10-year-bond-yield
egypt,Egypt 7Y,Egypt 7-Year,,,40645,,egypt-7-year-bond-yield
egypt,Egypt 5Y,Egypt 5-Year,,,40643,,egypt-5-year-bond-yield
egypt,Egypt 2Y,Egypt 2-Year,,,1052495,,egypt-2-year
egypt,Egypt 3Y,Egypt 3-Year,,,40642,,egypt-3-year-bond-yield
egypt,Egypt 9M,Egypt 9-Month,,,40646,,egypt-9-month-bond-yield
egypt,Egypt 6M,Egypt 6-Month,,,40644,,egypt-6-month-bond-yield
egypt,Egypt 3M,Egypt 3-Month,,,40641,,egypt-3-month-bond-yield
egypt,Egypt Overnight,Egypt Overnight,,,40647,,egypt-overnight-rate
egypt,Egypt 1Y,Egypt 1-Year,,,40640,,egypt-1-year-bond-yield
france,France 8Y,France 8-Year,,,23776,,france-8-year-bond-yield
france,France 30Y,France 30-Year,,,23781,,france-30-year-bond-yield
france,France 25Y,France 25-Year,,,1052459,,france-25-year
france,France 20Y,France 20-Year,,,23780,,france-20-year-bond-yield
france,France 50Y,France 50-Year,,,23782,,france-50-year-bond-yield
france,France 15Y,France 15-Year,,,23779,,france-15-year-bond-yield
france,France 10Y,France 10-Year,,,23778,,france-10-year-bond-yield
france,France 9Y,France 9-Year,,,23777,,france-9-year-bond-yield
france,France 7Y,France 7-Year,,,23775,,france-7-year-bond-yield
france,France 9M,France 9-Month,,,23768,,france-9-month-bond-yield
france,France 5Y,France 5-Year,,,23773,,france-5-year-bond-yield
france,France 4Y,France 4-Year,,,23772,,france-4-year-bond-yield
france,France 3Y,France 3-Year,,,23771,,france-3-year-bond-yield
france,France 2Y,France 2-Year,,,23770,,france-2-year-bond-yield
france,France 1Y,France 1-Year,,,23769,,france-1-year-bond-yield
france,France 6M,France 6-Month,,,23767,,france-6-month-bond-yield
france,France 3M,France 3-Month,,,23766,,france-3-month-bond-yield
france,France 1M,France 1-Month,,,23765,,france-1-month-bond-yield
france,France 6Y,France 6-Year,,,23774,,france-6-year-bond-yield
germany,Germany 10Y,Germany 10-Year,,,23693,,germany-10-year-bond-yield
germany,Germany 9Y,Germany 9-Year,,,23692,,germany-9-year-bond-yield
germany,Germany 15Y,Germany 15-Year,,,23694,,germany-15-year-bond-yield
germany,Germany 8Y,Germany 8-Year,,,23691,,germany-8-year-bond-yield
germany,Germany 25Y,Germany 25-Year,,,1052452,,germany-25-year
germany,Germany 30Y,Germany 30-Year,,,23696,,germany-30-year-bond-yield
germany,Germany 20Y,Germany 20-Year,,,23695,,germany-20-year-bond-yield
germany,Germany 7Y,Germany 7-Year,,,23690,,germany-7-year-bond-yield
germany,Germany 1Y,Germany 1-Year,,,23684,,germany-1-year-bond-yield
germany,Germany 5Y,Germany 5-Year,,,23688,,germany-5-year-bond-yield
germany,Germany 4Y,Germany 4-Year,,,23687,,germany-4-year-bond-yield
germany,Germany 3Y,Germany 3-Year,,,23686,,germany-3-year-bond-yield
germany,Germany 2Y,Germany 2-Year,,,23685,,germany-2-year-bond-yield
germany,Germany 6Y,Germany 6-Year,,,23689,,germany-6-year-bond-yield
germany,Germany 9M,Germany 9-Month,,,23683,,germany-9-month-bond-yield
germany,Germany 6M,Germany 6-Month,,,23682,,germany-6-month-bond-yield
germany,Germany 3M,Germany 3 Month,,,23681,,germany-3-month-bond-yield
greece,Greece 25Y,Greece 25-Year,,,23985,,greece-30-year-bond-yield
greece,Greece 20Y,Greece 20-Year,,,23980,,greece-3-year-bond-yield
greece,Greece 15Y,Greece 15-Year,,,23984,,greece-15-year-bond-yield
greece,Greece 10Y,Greece 10-Year,,,23983,,greece-10-year-bond-yield
greece,Greece 6M,Greece 6-Month,,,23978,,greece-6-month-bond-yield
greece,Greece 3M,Greece 3-Month,,,23977,,greece-3-month-bond-yield
greece,Greece 1M,Greece 1-Month,,,23982,,greece-7-year-bond-yield
greece,Greece 5Y,Greece 5-Year,,,23981,,greece-5-year-bond-yield
hong kong,Hong Kong 5Y,Hong Kong 5-Year,,,23915,,hong-kong-5-year-bond-yield
hong kong,Hong Kong 15Y,Hong Kong 15-Year,,,23918,,hong-kong-15-year-bond-yield
hong kong,Hong Kong 10Y,Hong Kong 10-Year,,,23917,,hong-kong-10-year-bond-yield
hong kong,Hong Kong 7Y,Hong Kong 7-Year,,,23916,,hong-kong-7-year-bond-yield
hong kong,Hong Kong 2Y,Hong Kong 2-Year,,,23912,,hong-kong-2-year-bond-yield
hong kong,Hong Kong 3Y,Hong Kong 3-Year,,,23913,,hong-kong-3-year-bond-yield
hong kong,Hong Kong 9M,Hong Kong 9-Month,,,23910,,hong-kong-9-month-bond-yield
hong kong,Hong Kong 1Y,Hong Kong 1-Year,,,23911,,hong-kong-1-year-bond-yield
hong kong,Hong Kong 6M,Hong Kong 6-Month,,,23909,,hong-kong-6-month-bond-yield
hong kong,Hong Kong 3M,Hong Kong 3-Month,,,23908,,hong-kong-3-month-bond-yield
hong kong,Hong Kong 1M,Hong Kong 1-Month,,,23907,,hong-kong-1-month-bond-yield
hong kong,Hong Kong 1W,Hong Kong 1-Week,,,23906,,hong-kong-1-week-bond-yield
hungary,Hungary 10Y,Hungary 10-Year,,,23932,,hungary-10-year-bond-yield
hungary,Hungary 5Y,Hungary 5-Year,,,23931,,hungary-5-year-bond-yield
hungary,Hungary 3Y,Hungary 3-Year,,,23930,,hungary-3-year-bond-yield
hungary,Hungary 15Y,Hungary 15-Year,,,23933,,hungary-15-year-bond-yield
hungary,Hungary 6M,Hungary 6-Month,,,23928,,hungary-6-month-bond-yield
hungary,Hungary 3M,Hungary 3-Month,,,23927,,hungary-3-month-bond-yield
hungary,Hungary 1Y,Hungary 1-Year,,,23929,,hungary-1-year-bond-yield
iceland,Iceland 3Y,Iceland 3 Year,,,1141795,,iceland-3-year
iceland,Iceland 6Y,Iceland 6 Year,,,1141796,,iceland-6-year
iceland,Iceland 10Y,Iceland 10-Year,,,29224,,iceland-10-year-bond-yield
india,India 10Y,India 10-Year,,,24014,,india-10-year-bond-yield
india,India 30Y,India 30-Year,,,24022,,india-30-year-bond-yield
india,India 24Y,India 24-Year,,,24021,,india-24-year-bond-yield
india,India 19Y,India 19-Year,,,24020,,india-19-year-bond-yield
india,India 15Y,India 15-Year,,,24019,,india-15-year-bond-yield
india,India 14Y,India 14-Year,,,24018,,india-14-year-bond-yield
india,India 13Y,India 13-Year,,,24017,,india-13-year-bond-yield
india,India 12Y,India 12-Year,,,24016,,india-12-year-bond-yield
india,India 11Y,India 11-Year,,,24015,,india-11-year-bond-yield
india,India 9Y,India 9-Year,,,24013,,india-9-year-bond-yield
india,India 4Y,India 4-Year,,,24008,,india-4-year-bond-yield
india,India 7Y,India 7-Year,,,24011,,india-7-year-bond-yield
india,India 6Y,India 6-Year,,,24010,,india-6-year-bond-yield
india,India 5Y,India 5-Year,,,24009,,india-5-year-bond-yield
india,India 3Y,India 3-Year,,,24007,,india-3-year-bond-yield
india,India 2Y,India 2-Year,,,24006,,india-2-year-bond-yield
india,India 1Y,India 1-Year,,,24005,,india-1-year-bond-yield
india,India 6M,India 6-Month,,,24004,,india-6-month-bond-yield
india,India 3M,India 3-Month,,,24003,,india-3-month-bond-yield
india,India 8Y,India 8-Year,,,24012,,india-8-year-bond-yield
indonesia,Indonesia 30Y,Indonesia 30-Year,,,29260,,indonesia-30-year-bond-yield
indonesia,Indonesia 20Y,Indonesia 20-Year,,,29258,,indonesia-20-year-bond-yield
indonesia,Indonesia 15Y,Indonesia 15-Year,,,29257,,indonesia-15-year-bond-yield
indonesia,Indonesia 10Y,Indonesia 10-Year,,,29256,,indonesia-10-year-bond-yield
indonesia,Indonesia 5Y,Indonesia 5-Year,,,29264,,indonesia-5-year-bond-yield
indonesia,Indonesia 25Y,Indonesia 25-Year,,,29259,,indonesia-25-year-bond-yield
indonesia,Indonesia 1Y,Indonesia 1-Year,,,29262,,indonesia-1-year-bond-yield
indonesia,Indonesia 6M,Indonesia 6-Month,,,29261,,indonesia-6-month-bond-yield
indonesia,Indonesia 3M,Indonesia 3-Month,,,1052519,,indonesia-3-month
indonesia,Indonesia 1M,Indonesia 1-Month,,,1052518,,indonesia-1-month
indonesia,Indonesia 3Y,Indonesia 3-Year,,,29263,,indonesia-3-year-bond-yield
ireland,Ireland 30Y,Ireland 30-Year,,,1052520,,ireland-30-year
ireland,Ireland 20Y,Ireland 20-Year,,,1043090,,ireland-20-year-bond-yield
ireland,Ireland 15Y,Ireland 15-Year,,,29266,,ireland-15-year-bond-yield
ireland,Ireland 10Y,Ireland 10-Year,,,29265,,ireland-10-year-bond-yield
ireland,Ireland 9Y,Ireland 9 Year,,,1141797,,ireland-9-year
ireland,Ireland 7Y,Ireland 7-Year,,,29271,,ireland-7-year-bond-yield
ireland,Ireland 6Y,Ireland 6-Year,,,1052524,,ireland-6-year
ireland,Ireland 4Y,Ireland 4-Year,,,1052522,,ireland-4-year
ireland,Ireland 3Y,Ireland 3-Year,,,29269,,ireland-3-year-bond-yield
ireland,Ireland 1Y,Ireland 1-Year,,,29267,,ireland-1-year-bond-yield
ireland,Ireland 6M,Ireland 6-Month,,,1052523,,ireland-6-month
ireland,Ireland 3M,Ireland 3-Month,,,1052521,,ireland-3-month
ireland,Ireland 5Y,Ireland 5-Year,,,29270,,ireland-5-year-bond-yield
israel,Israel 3Y,Israel 3-Year,,,23950,,israel-3-year-bond-yield
israel,Israel 10Y,Israel 10-Year,,,23951,,israel-10-year-bond-yield
israel,Israel 30Y,Israel 30-Year,,,1052483,,israel-30-year
israel,Israel 5Y,Israel 5-Year,,,24043,,israel-5-year-bond-yield
israel,Israel 2Y,Israel 2-Year,,,1052482,,israel-2-year
israel,Israel 3M,Israel 3-Month,,,23948,,israel-3-month-bond-yield
israel,Israel 9M,Israel 9-Month,,,1052485,,israel-9-month
israel,Israel 6M,Israel 6-Month,,,1052484,,israel-6-month
israel,Israel 1M,Israel 1-Month,,,1052481,,israel-1-month
israel,Israel 1Y,Israel 1-Year,,,23949,,israel-1-year-bond-yield
italy,Italy 50Y,Italy 50-Year,,,1052455,,italy-50-year
italy,Italy 30Y,Italy 30-Year,,,41352,,italy-30-year
italy,Italy 20Y,Italy 20-Year,,,41351,,italy-20-year
italy,Italy 15Y,Italy 15-Year,,,23739,,italy-15-year-bond-yield
italy,Italy 10Y,Italy 10-Year,,,23738,,italy-10-year-bond-yield
italy,Italy 9Y,Italy 9-Year,,,23737,,italy-9-year-bond-yield
italy,Italy 8Y,Italy 8-Year,,,23736,,italy-8-year-bond-yield
italy,Italy 6Y,Italy 6-Year,,,23734,,italy-6-year-bond-yield
italy,Italy 7Y,Italy 7-Year,,,23735,,italy-7-year-bond-yield
italy,Italy 4Y,Italy 4-Year,,,23732,,italy-4-year-bond-yield
italy,Italy 5Y,Italy 5-Year,,,23733,,italy-5-year-bond-yield
italy,Italy 3M,Italy 3-Month,,,23726,,italy-3-month-bond-yield
italy,Italy 6M,Italy 6-Month,,,23727,,italy-6-month-bond-yield
italy,Italy 9M,Italy 9-Month,,,23728,,italy-9-month-bond-yield
italy,Italy 1M,Italy 1-Month,,,1052454,,italy-1-month
italy,Italy 2Y,Italy 2-Year,,,23730,,italy-2-year-bond-yield
italy,Italy 3Y,Italy 3-Year,,,23731,,italy-3-year-bond-yield
italy,Italy 1Y,Italy 1-Year,,,23729,,italy-1-year-bond-yield
japan,Japan 7Y,Japan 7-Year,,,23898,,japan-7-year-bond-yield
japan,Japan 30Y,Japan 30-Year,,,23904,,japan-30-year-bond-yield
japan,Japan 20Y,Japan 20-Year,,,23903,,japan-20-year-bond-yield
japan,Japan 15Y,Japan 15-Year,,,23902,,japan-15-year-bond-yield
japan,Japan 10Y,Japan 10-Year,,,23901,,japan-10-year-bond-yield
japan,Japan 9Y,Japan 9-Year,,,23900,,japan-9-year-bond-yield
japan,Japan 8Y,Japan 8-Year,,,23899,,japan-8-year-bond-yield
japan,Japan 6Y,Japan 6-Year,,,23897,,japan-6-year-bond-yield
japan,Japan 40Y,Japan 40-Year,,,23905,,japan-40-year-bond-yield
japan,Japan 4Y,Japan 4-Year,,,23895,,japan-4-year-bond-yield
japan,Japan 3Y,Japan 3-Year,,,23894,,japan-3-year-bond-yield
japan,Japan 2Y,Japan 2-Year,,,23893,,japan-2-year-bond-yield
japan,Japan 1Y,Japan 1-Year,,,23892,,japan-1-year-bond-yield
japan,Japan 9M,Japan 9-Month,,,1052477,,japan-9-month
japan,Japan 6M,Japan 6-Month,,,23891,,japan-6-month-bond-yield
japan,Japan 3M,Japan 3-Month,,,23890,,japan-3-month-bond-yield
japan,Japan 1M,Japan 1-Month,,,1052476,,japan-1-month
japan,Japan 5Y,Japan 5-Year,,,23896,,japan-5-year-bond-yield
jordan,Jordan 10Y,Jordan 10-Year,,,1052486,,jordan-10-year
jordan,Jordan 7Y,Jordan 7-Year,,,1052493,,jordan-7-year
jordan,Jordan 5Y,Jordan 5-Year,,,1052491,,jordan-5-year
jordan,Jordan 3Y,Jordan 3-Year,,,1052490,,jordan-3-year
jordan,Jordan 2Y,Jordan 2-Year,,,1052488,,jordan-2-year
jordan,Jordan 6M,Jordan 6-Month,,,1052492,,jordan-6-month
jordan,Jordan 3M,Jordan 3-Month,,,1052489,,jordan-3-month
jordan,Jordan 1Y,Jordan 1-Year,,,1052487,,jordan-1-year
kenya,Kenya 25Y,Kenya 25-Year,,,29279,,kenya-25-year-bond-yield
kenya,Kenya 20Y,Kenya 20-Year,,,29278,,kenya-20-year-bond-yield
kenya,Kenya 15Y,Kenya 15-Year,,,29277,,kenya-15-year-bond-yield
kenya,Kenya 10Y,Kenya 10-Year,,,29274,,kenya-10-year-bond-yield
kenya,Kenya 9Y,Kenya 9-Year,,,29291,,kenya-9-year-bond-yield
kenya,Kenya 8Y,Kenya 8-Year,,,29290,,kenya-8-year-bond-yield
kenya,Kenya 7Y,Kenya 7-Year,,,29289,,kenya-7-year-bond-yield
kenya,Kenya 6Y,Kenya 6-Year,,,29288,,kenya-6-year-bond-yield
kenya,Kenya 4Y,Kenya 4-Year,,,29286,,kenya-4-year-bond-yield
kenya,Kenya 3Y,Kenya 3-Year,,,29285,,kenya-3-year-bond-yield
kenya,Kenya 2Y,Kenya 2-Year,,,29284,,kenya-2-year-bond-yield
kenya,Kenya 1Y,Kenya 1-Year,,,29283,,kenya-1-year-bond-yield
kenya,Kenya 6M,Kenya 6-Month,,,29282,,kenya-6-month-bond-yield
kenya,Kenya 3M,Kenya 3-Month,,,29281,,kenya-3-month-bond-yield
kenya,Kenya Overnight,Kenya Overnight,,,29273,,kenya-overnight-bond-yield
kenya,Kenya 5Y,Kenya 5-Year,,,29287,,kenya-5-year-bond-yield
malaysia,Malaysia 30Y,Malaysia 30-Year,,,1052528,,malaysia-30-year
malaysia,Malaysia 20Y,Malaysia 20-Year,,,29300,,malaysia-20-year-bond-yield
malaysia,Malaysia 15Y,Malaysia 15-Year,,,1052527,,malaysia-15-year
malaysia,Malaysia 10Y,Malaysia 10-Year,,,29299,,malaysia-10-year-bond-yield
malaysia,Malaysia 7Y,Malaysia 7-Year,,,1052529,,malaysia-7-year
malaysia,Malaysia 1Y,Malaysia 1-Year,,,29304,,malaysia-1-year-bond-yield
malaysia,Malaysia 3Y,Malaysia 3-Year,,,29305,,malaysia-3-year-bond-yield
malaysia,Malaysia 7M,Malaysia 7-Month,,,29303,,malaysia-7-month-bond-yield
malaysia,Malaysia 3M,Malaysia 3-Month,,,29301,,malaysia-3-month-bond-yield
malaysia,Malaysia 3W,Malaysia 3-Week,,,29302,,malaysia-3-weeks-bond-yield
malaysia,Malaysia 5Y,Malaysia 5-Year,,,29306,,malaysia-5-year-bond-yield
malta,Malta 10Y,Malta 10-Year,,,1009394,,malta-10-year
malta,Malta 25Y,Malta 25-Year,,,1009398,,malta-25-year
malta,Malta 20Y,Malta 20-Year,,,1009397,,malta-20-year
malta,Malta 5Y,Malta 5-Year,,,1009401,,malta-5-year
malta,Malta 6M,Malta 6-Month,,,1009402,,malta-6-month
malta,Malta 1Y,Malta 1-Year,,,1009396,,malta-1-year
malta,Malta 1M,Malta 1-Month,,,1009395,,malta-1-month
malta,Malta 3Y,Malta 3-Year,,,1009400,,malta-3-year
malta,Malta 3M,Malta 3-Month,,,1009399,,malta-3-month
mauritius,Mauritius 20Y,Mauritius 20-Year,,,1052562,,mauritius-20-year
mauritius,Mauritius 15Y,Mauritius 15-Year,,,1052561,,mauritius-15-year
mauritius,Mauritius 10Y,Mauritius 10-Year,,,1052560,,mauritius-10-year
mauritius,Mauritius 4Y,Mauritius 4-Year,,,1052565,,mauritius-4-year
mauritius,Mauritius 3Y,Mauritius 3-Year,,,1052564,,mauritius-3-year
mauritius,Mauritius 5Y,Mauritius 5-Year,,,1052566,,mauritius-5-year
mauritius,Mauritius 1Y,Mauritius 1-Year,,,42415,,mauritius-1-year-bond-yield
mauritius,Mauritius 8M,Mauritius 8-Month,,,42414,,mauritius-8-months-bond-yield
mauritius,Mauritius 6M,Mauritius 6-Month,,,42413,,mauritius-6-months-bond-yield
mauritius,Mauritius 4M,Mauritius 4-Month,,,42412,,mauritius-4-months-bond-yield
mauritius,Mauritius 2M,Mauritius 2-Month,,,42411,,mauritius-2-months-bond-yield
mauritius,Mauritius 2Y,Mauritius 2-Year,,,1052563,,mauritius-2-year
mexico,Mexico 7Y,Mexico 7-Year,,,26728,,mexico-7-year
mexico,Mexico 30Y,Mexico 30-Year,,,26732,,mexico-30-year
mexico,Mexico 20Y,Mexico 20-Year,,,26731,,mexico-20-year
mexico,Mexico 15Y,Mexico 15-Year,,,26730,,mexico-18-year
mexico,Mexico 10Y,Mexico 10-Year,,,26729,,mexico-10-year
mexico,Mexico 5Y,Mexico 5-Year,,,26727,,mexico-5-year
mexico,Mexico 1Y,Mexico 1-Year,,,26725,,mexico-1-year
mexico,Mexico 9M,Mexico 9-Month,,,26724,,mexico-9-month
mexico,Mexico 3M,Mexico 3-Month,,,26722,,mexico-3-month
mexico,Mexico 1M,Mexico 1-Month,,,26721,,mexico-1-month
mexico,Mexico 3Y,Mexico 3-Year,,,26726,,mexico-3-year
mexico,Mexico 6M,Mexico 6-Month,,,26723,,mexico-6-month
morocco,Morocco 15Y,Morocco 15-Year,,,1052497,,morocco-15-year
morocco,Morocco 3M,Morocco 3-Month,,,1052499,,morocco-3-month
morocco,Morocco 6M,Morocco 6-Month,,,1052501,,morocco-6-month
morocco,Morocco 2Y,Morocco 2-Year,,,1052498,,morocco-2-year
morocco,Morocco 5Y,Morocco 5-Year,,,1052500,,morocco-5-year
morocco,Morocco 10Y,Morocco 10-Year,,,1052496,,morocco-10-year
namibia,Namibia 10Y,Namibia 10-Year,,,1052542,,namibia-10-year
namibia,Namibia 20Y,Namibia 20-Year,,,1052545,,namibia-20-year
namibia,Namibia 7Y,Namibia 7-Year,,,1052549,,namibia-7-year
namibia,Namibia 3Y,Namibia 3-Year,,,1052547,,namibia-3-year
namibia,Namibia 15Y,Namibia 15-Year,,,1052543,,namibia-15-year
namibia,Namibia 9M,Namibia 9-Month,,,1052550,,namibia-9-month
namibia,Namibia 6M,Namibia 6-Month,,,1052548,,namibia-6-month
namibia,Namibia 1Y,Namibia 1-Year,,,1052544,,namibia-1-year
namibia,Namibia 3M,Namibia 3-Month,,,1052546,,namibia-3-month
netherlands,Netherlands 30Y,Netherlands 30-Year,,,23753,,netherlands-30-year-bond-yield
netherlands,Netherlands 25Y,Netherlands 25-Year,,,1052458,,netherlands-25-year
netherlands,Netherlands 20Y,Netherlands 20-Year,,,23752,,netherlands-20-year-bond-yield
netherlands,Netherlands 15Y,Netherlands 15-Year,,,1052456,,netherlands-15-year
netherlands,Netherlands 10Y,Netherlands 10-Year,,,23751,,netherlands-10-year-bond-yield
netherlands,Netherlands 9Y,Netherlands 9-Year,,,23750,,netherlands-9-year-bond-yield
netherlands,Netherlands 8Y,Netherlands 8-Year,,,23749,,netherlands-8-year-bond-yield
netherlands,Netherlands 7Y,Netherlands 7-Year,,,23748,,netherlands-7-year-bond-yield
netherlands,Netherlands 5Y,Netherlands 5-Year,,,23746,,netherlands-5-year-bond-yield
netherlands,Netherlands 4Y,Netherlands 4-Year,,,23745,,netherlands-4-year-bond-yield
netherlands,Netherlands 3Y,Netherlands 3-Year,,,23744,,netherlands-3-year-bond-yield
netherlands,Netherlands 2Y,Netherlands 2-Year,,,23743,,netherlands-2-year-bond-yield
netherlands,Netherlands 6M,Netherlands 6-Month,,,23741,,netherlands-6-month-bond-yield
netherlands,Netherlands 3M,Netherlands 3-Month,,,23740,,netherlands-3-month-bond-yield
netherlands,Netherlands 1M,Netherlands 1-Month,,,1052457,,netherlands-1-month
netherlands,Netherlands 6Y,Netherlands 6-Year,,,23747,,netherlands-6-year-bond-yield
new zealand,New Zealand 5Y,New Zealand 5-Year,,,42408,,new-zealand-5-years-bond-yield
new zealand,New Zealand 20Y,New Zealand 20-Year,,,1052556,,new-zealand-20-year
new zealand,New Zealand 15Y,New Zealand 15-Year,,,1052554,,new-zealand-15-year
new zealand,New Zealand 10Y,New Zealand 10-Year,,,42410,,new-zealand-10-years-bond-yield
new zealand,New Zealand 7Y,New Zealand 7-Year,,,42409,,new-zealand-7-years-bond-yield
new zealand,New Zealand 2Y,New Zealand 2-Year,,,42407,,new-zealand-2-years-bond-yield
new zealand,New Zealand 1M,New Zealand 1-Month,,,42406,,new-zealand-1-month-bond-yield
new zealand,New Zealand 6M,New Zealand 6-Month,,,42405,,new-zealand-6-months-bond-yield
new zealand,New Zealand 5M,New Zealand 5-Month,,,42404,,new-zealand-5-months-bond-yield
new zealand,New Zealand 4M,New Zealand 4-Month,,,42403,,new-zealand-4-months-bond-yield
new zealand,New Zealand 3M,New Zealand 3-Month,,,42402,,new-zealand-3-months-bond-yield
new zealand,New Zealand 2M,New Zealand 2-Month,,,42401,,new-zealand-2-months-bond-yield
new zealand,New Zealand 1Y,New Zealand 1-Year,,,1052555,,new-zealand-1-year
nigeria,Nigeria 10Y,Nigeria 10-Year,,,1052567,,nigeria-10-year
nigeria,Nigeria 3M,Nigeria 3-Month,,,1052572,,nigeria-3-month
nigeria,Nigeria 6M,Nigeria 6-Month,,,1052575,,nigeria-6-month
nigeria,Nigeria 1Y,Nigeria 1-Year,,,1052569,,nigeria-1-year
nigeria,Nigeria 2Y,Nigeria 2-Year,,,1052571,,nigeria-2-year
nigeria,Nigeria 4Y,Nigeria 4-Year,,,1052573,,nigeria-4-year
nigeria,Nigeria 7Y,Nigeria 7-Year,,,1052576,,nigeria-7-year
nigeria,Nigeria 20Y,Nigeria 20-Year,,,1052570,,nigeria-20-year
norway,Norway 5Y,Norway 5-Year,,,23761,,norway-5-year-bond-yield
norway,Norway 10Y,Norway 10-Year,,,23764,,norway-10-year-bond-yield
norway,Norway 1Y,Norway 1-Year,,,23759,,norway-1-year-bond-yield
norway,Norway 2Y,Norway 2-Year,,,23760,,norway-2-year-bond-yield
norway,Norway 9M,Norway 9-Month,,,23758,,norway-9-month-bond-yield
norway,Norway 6M,Norway 6-Month,,,23757,,norway-6-month-bond-yield
norway,Norway 3M,Norway 3-Month,,,23756,,norway-3-month-bond-yield
pakistan,Pakistan 14Y,Pakistan 14-Year,,,29308,,pakistan-15-year-bond-yield
pakistan,Pakistan 10Y,Pakistan 10-Year,,,29307,,pakistan-10-year-bond-yield
pakistan,Pakistan 5Y,Pakistan 5-Year,,,29315,,pakistan-5-year-bond-yield
pakistan,Pakistan 20Y,Pakistan 20-Year,,,29309,,pakistan-20-year-bond-yield
pakistan,Pakistan 1Y,Pakistan 1-Year,,,29313,,pakistan-1-year-bond-yield
pakistan,Pakistan 6M,Pakistan 6-Month,,,29312,,pakistan-6-month-bond-yield
pakistan,Pakistan 3M,Pakistan 3-Month,,,29311,,pakistan-3-month-bond-yield
pakistan,Pakistan 3Y,Pakistan 3-Year,,,29314,,pakistan-3-year-bond-yield
peru,Peru 2Y,Peru 2 Year,,,1141798,,peru-2-year
peru,Peru 5Y,Peru 5-Year,,,29320,,peru-5-year-bond-yield
peru,Peru 10Y,Peru 10 Year,,,1141799,,peru-10-year
peru,Peru 15Y,Peru 15-Year,,,29316,,peru-15-year-bond-yield
peru,Peru 20Y,Peru 20-Year,,,29317,,peru-20-year-bond-yield
peru,Peru 30Y,Peru 30-Year,,,29318,,peru-30-year-bond-yield
philippines,Philippines 7Y,Philippines 7-Year,,,29333,,philippines-7-year-bond-yield
philippines,Philippines 25Y,Philippines 25-Year,,,29325,,philippines-25-year-bond-yield
philippines,Philippines 20Y,Philippines 20-Year,,,29324,,philippines-20-year-bond-yield
philippines,Philippines 10Y,Philippines 10-Year,,,29322,,philippines-10-year-bond-yield
philippines,Philippines 5Y,Philippines 5-Year,,,29332,,philippines-5-year-bond-yield
philippines,Philippines 4Y,Philippines 4-Year,,,29331,,philippines-4-year-bond-yield
philippines,Philippines 2Y,Philippines 2-Year,,,29329,,philippines-2-year-bond-yield
philippines,Philippines 1Y,Philippines 1-Year,,,29328,,philippines-1-year-bond-yield
philippines,Philippines 6M,Philippines 6-Month,,,29327,,philippines-6-month-bond-yield
philippines,Philippines 3M,Philippines 3-Month,,,29326,,philippines-3-month-bond-yield
philippines,Philippines 1M,Philippines 1-Month,,,29323,,philippines-1-month-bond-yield
philippines,Philippines 3Y,Philippines 3-Year,,,29330,,philippines-3-year-bond-yield
poland,Poland 10Y,Poland 10-Year,,,23947,,poland-10-year-bond-yield
poland,Poland 9Y,Poland 9-Year,,,23946,,poland-9-year-bond-yield
poland,Poland 8Y,Poland 8-Year,,,23945,,poland-8-year-bond-yield
poland,Poland 5Y,Poland 5-Year,,,23943,,poland-5-year-bond-yield
poland,Poland 4Y,Poland 4-Year,,,23942,,poland-4-year-bond-yield
poland,Poland 1Y,Poland 1-Year,,,23939,,poland-1-year-bond-yield
poland,Poland 2Y,Poland 2-Year,,,23940,,poland-2-year-bond-yield
poland,Poland 2M,Poland 2-Month,,,23936,,poland-2-month-bond-yield
poland,Poland 1M,Poland 1-Month,,,23935,,poland-1-month-bond-yield
poland,Poland Overnight,Poland Overnight,,,23934,,poland-overnight-rate
poland,Poland 3Y,Poland 3-Year,,,23941,,poland-3-year-bond-yield
portugal,Portugal 15Y,Portugal 15-Year,,,23793,,portugal-15-year-bond-yield
portugal,Portugal 10Y,Portugal 10-Year,,,23792,,portugal-10-year-bond-yield
portugal,Portugal 9Y,Portugal 9-Year,,,23791,,portugal-9-year-bond-yield
portugal,Portugal 1Y,Portugal 1-Year,,,1052460,,portugal-1-year
portugal,Portugal 30Y,Portugal 30-Year,,,1052461,,portugal-30-year
portugal,Portugal 8Y,Portugal 8-Year,,,23790,,portugal-8-year-bond-yield
portugal,Portugal 20Y,Portugal 20-Year,,,23794,,portugal-30-year-bond-yield
portugal,Portugal 7Y,Portugal 7-Year,,,23789,,portugal-7-year-bond-yield
portugal,Portugal 6M,Portugal 6-Month,,,23783,,portugal-6-months-bond-yield
portugal,Portugal 5Y,Portugal 5-Year,,,23787,,portugal-5-year-bond-yield
portugal,Portugal 4Y,Portugal 4-Year,,,23786,,portugal-4-year-bond-yield
portugal,Portugal 3Y,Portugal 3-Year,,,23785,,portugal-3-year-bond-yield
portugal,Portugal 2Y,Portugal 2-Year,,,23784,,portugal-2-year-bond-yield
portugal,Portugal 3M,Portugal 3-Month,,,1052462,,portugal-3-month
portugal,Portugal 6Y,Portugal 6-Year,,,23788,,portugal-6-year-bond-yield
qatar,Qatar 3Y,Qatar 3 Year,,,1141800,,qatar-3-year
qatar,Qatar 5Y,Qatar 5-Year,,,29205,,qatar-5-year-bond-yield
qatar,Qatar 7Y,Qatar 7 Year,,,1141801,,qatar-7-year
qatar,Qatar 10Y,Qatar 10-Year,,,29201,,qatar-10-year-bond-yield
qatar,Qatar 30Y,Qatar 30-Year,,,29203,,qatar-30-year-bond-yield
romania,Romania 10Y,Romania 10-Year,,,23990,,romania-10-year-bond-yield
romania,Romania 7Y,Romania 7-Year,,,1052513,,romania-7-year
romania,Romania 4Y,Romania 4-Year,,,1052512,,romania-4-year
romania,Romania 5Y,Romania 5-Year,,,23989,,romania-5-year-bond-yield
romania,Romania 2Y,Romania 2-Year,,,1052511,,romania-2-year
romania,Romania 1Y,Romania 1-Year,,,23987,,romania-1-year-bond-yield
romania,Romania 6M,Romania 6-Month,,,23986,,romania-6-month-bond-yield
romania,Romania 3Y,Romania 3-Year,,,23988,,romania-3-year-bond-yield
russia,Russia 10Y,Russia 10-Year,,,23974,,russia-10-year-bond-yield
russia,Russia 7Y,Russia 7-Year,,,1052510,,russia-7-year
russia,Russia 5Y,Russia 5-Year,,,23973,,russia-5-year-bond-yield
russia,Russia 3Y,Russia 3-Year,,,23972,,russia-3-year-bond-yield
russia,Russia 2Y,Russia 2-Year,,,23971,,russia-2-year-bond-yield
russia,Russia 1Y,Russia 1-Year,,,23970,,russia-1-year-bond-yield
russia,Russia 3M,Russia 3-Month,,,23968,,russia-3-month-bond-yield
russia,Russia 2M,Russia 2-Month,,,23967,,russia-2-month-bond-yield
russia,Russia 1M,Russia 1-Month,,,23966,,russia-1-month-bond-yield
russia,Russia 2W,Russia 2-Week,,,23965,,russia-2-week-bond-yield
russia,Russia 1W,Russia 1-Week,,,23964,,russia-1-week-bond-yield
russia,Russia Overnight,Russia Overnight,,,23963,,russia-overnight-rate
russia,Russia 15Y,Russia 15-Year,,,23975,,russia-15-year-bond-yield
russia,Russia 6M,Russia 6-Month,,,23969,,russia-6-month-bond-yield
russia,Russia 20Y,Russia 20-Year,,,23976,,russia-25-year-bond-yield
serbia,Serbia 7Y,Serbia 7-Year,,,1052584,,serbia-7-year
serbia,Serbia 10Y,Serbia 10 Year,,,1141802,,serbia-10-year
serbia,Serbia 5Y,Serbia 5-Year,,,1052581,,serbia-5-year
serbia,Serbia 2Y,Serbia 2-Year,,,1052578,,serbia-2-year
serbia,Serbia 1Y,Serbia 1-Year,,,1052577,,serbia-1-year
serbia,Serbia 4Y,Serbia 4-Year,,,1052580,,serbia-4-year
singapore,Singapore 30Y,Singapore 30-Year,,,1052474,,singapore-30-year
singapore,Singapore 20Y,Singapore 20-Year,,,23889,,singapore-20-year-bond-yield
singapore,Singapore 15Y,Singapore 15-Year,,,23888,,singapore-15-year-bond-yield
singapore,Singapore 10Y,Singapore 10-Year,,,23887,,singapore-10-year-bond-yield
singapore,Singapore 5Y,Singapore 5-Year,,,23886,,singapore-5-year-bond-yield
singapore,Singapore 1Y,Singapore 1-Year,,,23884,,singapore-1-year-bond-yield
singapore,Singapore 6M,Singapore 6-Month,,,1052475,,singapore-6-month
singapore,Singapore 3M,Singapore 3-Month,,,23883,,singapore-3-month-bond-yield
singapore,Singapore 1M,Singapore 1-Month,,,23881,,singapore-1-month-bond-yield
singapore,Singapore 2Y,Singapore 2-Year,,,23885,,singapore-2-year-bond-yield
slovakia,Slovakia 13Y,Slovakia 13 Year,,,1141803,,slovakia-13-year
slovakia,Slovakia 30Y,Slovakia 30 Year,,,1141805,,slovakia-30-year
slovakia,Slovakia 18Y,Slovakia 18 Year,,,1141804,,slovakia-18-year
slovakia,Slovakia 10Y,Slovakia 10-Year,,,1052323,,slovakia-10-year
slovakia,Slovakia 50Y,Slovakia 50 Year,,,1141806,,slovakia-50-year
slovakia,Slovakia 8Y,Slovakia 8-Year,,,29341,,slovakia-8-year-bond-yield
slovakia,Slovakia 6Y,Slovakia 6-Year,,,1052321,,slovakia-6-year
slovakia,Slovakia 5Y,Slovakia 5-Year,,,29339,,slovakia-5-year-bond-yield
slovakia,Slovakia 1Y,Slovakia 1-Year,,,29336,,slovakia-1-year-bond-yield
slovakia,Slovakia 9Y,Slovakia 9-Year,,,1052559,,slovakia-9-year
slovenia,Slovenia 25Y,Slovenia 25 Year,,,1141811,,slovenia-25-year
slovenia,Slovenia 15Y,Slovenia 15 Year,,,1141809,,slovenia-15-year
slovenia,Slovenia 10Y,Slovenia 10-Year,,,29335,,slovenia-10-year-bond-yield
slovenia,Slovenia 8Y,Slovenia 8 Year,,,1141808,,slovenia-8-year
slovenia,Slovenia 20Y,Slovenia 20 Year,,,1141810,,slovenia-20-year
slovenia,Slovenia 5Y,Slovenia 5-Year,,,29343,,slovenia-5-year-bond-yield
slovenia,Slovenia 3Y,Slovenia 3 Year,,,1141807,,slovenia-3-year
slovenia,Slovenia 2Y,Slovenia 2-Year,,,29342,,slovenia-2-year-bond-yield
slovenia,Slovenia 1Y,Slovenia 1-Year,,,1052530,,slovenia-1-year
slovenia,Slovenia 7Y,Slovenia 7-Year,,,1052531,,slovenia-7-year
south africa,South Africa 30Y,South Africa 30-Year,,,23926,,south-africa-30-year-bond-yield
south africa,South Africa 25Y,South Africa 25-Year,,,1052478,,south-africa-25-year
south africa,South Africa 20Y,South Africa 20-Year,,,23925,,south-africa-20-year-bond-yield
south africa,Souht Africa 12Y,Souht Africa 12 Year,,,1141812,,souht-africa-12-year
south africa,South Africa 10Y,South Africa 10-Year,,,23923,,south-africa-10-year-bond-yield
south africa,South Africa 2Y,South Africa 2-Year,,,1052479,,south-africa-2-year
south africa,South Africa 3M,South Africa 3-Month,,,23919,,south-africa-3-month-bond-yield
south africa,South Africa 5Y,South Africa 5-Year,,,23921,,south-africa-5-year-bond-yield
south korea,South Korea 20Y,South Korea 20-Year,,,29293,,south-korea-20-year-bond-yield
south korea,South Korea 50Y,South Korea 50-Year,,,1052526,,south-korea-50-year
south korea,South Korea 30Y,South Korea 30-Year,,,1052525,,south-korea-30-year
south korea,South Korea 10Y,South Korea 10-Year,,,29292,,south-korea-10-year-bond-yield
south korea,South Korea 5Y,South Korea 5-Year,,,29298,,south-korea-5-year-bond-yield
south korea,South Korea 4Y,South Korea 4-Year,,,29297,,south-korea-4-year-bond-yield
south korea,South Korea 3Y,South Korea 3-Year,,,29296,,south-korea-3-year-bond-yield
south korea,South Korea 2Y,South Korea 2-Year,,,29295,,south-korea-2-year-bond-yield
south korea,South Korea 1Y,South Korea 1-Year,,,29294,,south-korea-1-year-bond-yield
spain,Spain 30Y,Spain 30-Year,,,100155,,spain-30-year-bond-yield
spain,Spain 25Y,Spain 25-Year,,,1052464,,spain-25-year
spain,Spain 20Y,Spain 20-Year,,,23808,,spain-20-year-bond-yield
spain,Spain 15Y,Spain 15-Year,,,23807,,spain-15-year-bond-yield
spain,Spain 10Y,Spain 10-Year,,,23806,,spain-10-year-bond-yield
spain,Spain 9Y,Spain 9-Year,,,23805,,spain-9-year-bond-yield
spain,Spain 8Y,Spain 8-Year,,,23804,,spain-8-year-bond-yield
spain,Spain 7Y,Spain 7-Year,,,23803,,spain-7-year-bond-yield
spain,Spain 6Y,Spain 6-Year,,,23802,,spain-6-year-bond-yield
spain,Spain 4Y,Spain 4-Year,,,23800,,spain-4-year-bond-yield
spain,Spain 3Y,Spain 3-Year,,,23799,,spain-3-year-bond-yield
spain,Spain 2Y,Spain 2-Year,,,23798,,spain-2-year-bond-yield
spain,Spain 1Y,Spain 1-Year,,,23797,,spain-1-year-bond-yield
spain,Spain 9M,Spain 9-Month,,,1052465,,spain-9-month
spain,Spain 6M,Spain 6-Month,,,23796,,spain-6-month-bond-yield
spain,Spain 3M,Spain 3-Month,,,23795,,spain-3-month-bond-yield
spain,Spain 1M,Spain 1-Month,,,1052463,,spain-1-month
spain,Spain 5Y,Spain 5-Year,,,23801,,spain-5-year-bond-yield
sri lanka,Sri Lanka 7Y,Sri Lanka 7-Year,,,1052536,,sri-lanka-7-year
sri lanka,Sri Lanka 15Y,Sri Lanka 15-Year,,,1052534,,sri-lanka-15-year
sri lanka,Sri Lanka 10Y,Sri Lanka 10-Year,,,1052533,,sri-lanka-10-year
sri lanka,Sri Lanka 9Y,Sri Lanka 9-Year,,,1052538,,sri-lanka-9-year
sri lanka,Sri Lanka 8Y,Sri Lanka 8-Year,,,1052537,,sri-lanka-8-year
sri lanka,Sri Lanka 6Y,Sri Lanka 6-Year,,,1052535,,sri-lanka-6-year
sri lanka,Sri Lanka 3M,Sri Lanka 3-Month,,,29344,,sri-lanka-3-month-bond-yield
sri lanka,Sri Lanka 4Y,Sri Lanka 4-Year,,,29349,,sri-lanka-4-year-bond-yield
sri lanka,Sri Lanka 3Y,Sri Lanka 3-Year,,,29348,,sri-lanka-3-year-bond-yield
sri lanka,Sri Lanka 2Y,Sri Lanka 2-Year,,,29347,,sri-lanka-2-year-bond-yield
sri lanka,Sri Lanka 1Y,Sri Lanka 1-Year,,,29346,,sri-lanka-1-year-bond-yield
sri lanka,Sri Lanka 6M,Sri Lanka 6-Month,,,29345,,sri-lanka-6-month-bond-yield
sri lanka,Sri Lanka 5Y,Sri Lanka 5-Year,,,29350,,sri-lanka-5-year-bond-yield
switzerland,Switzerland 6Y,Switzerland 6-Year,,,23718,,switzerland-6-year-bond-yield
switzerland,Switzerland 30Y,Switzerland 30-Year,,,23725,,switzerland-30-year-bond-yield
switzerland,Switzerland 20Y,Switzerland 20-Year,,,23724,,switzerland-20-year-bond-yield
switzerland,Switzerland 15Y,Switzerland 15-Year,,,23723,,switzerland-15-year-bond-yield
switzerland,Switzerland 10Y,Switzerland 10-Year,,,23722,,switzerland-10-year-bond-yield
switzerland,Switzerland 50Y,Switzerland 50-Year,,,1052453,,switzerland-50-year
switzerland,Switzerland 9Y,Switzerland 9-Year,,,23721,,switzerland-9-year-bond-yield
switzerland,Switzerland 8Y,Switzerland 8-Year,,,23720,,switzerland-8-year-bond-yield
switzerland,Switzerland 7Y,Switzerland 7-Year,,,23719,,switzerland-7-year-bond-yield
switzerland,Switzerland 5Y,Switzerland 5-Year,,,23717,,switzerland-5-year-bond-yield
switzerland,Switzerland 3M,Switzerland 3-Month,,,23711,,switzerland-3-month-bond-yield
switzerland,Switzerland 3Y,Switzerland 3-Year,,,23715,,switzerland-3-year-bond-yield
switzerland,Switzerland Overnight,Switzerland Overnight,,,23707,,switzerland-overnight-rate
switzerland,Switzerland 1W,Switzerland 1-Week,,,23708,,switzerland-1-week-bond-yield
switzerland,Switzerland 1M,Switzerland 1-Month,,,23709,,switzerland-1-month-bond-yield
switzerland,Switzerland 4Y,Switzerland 4-Year,,,23716,,switzerland-4-year-bond-yield
switzerland,Switzerland 6M,Switzerland 6-Month,,,23712,,switzerland-6-month-bond-yield
switzerland,Switzerland 1Y,Switzerland 1-Year,,,23713,,switzerland-1-year-bond-yield
switzerland,Switzerland 2Y,Switzerland 2-Year,,,23714,,switzerland-2-year-bond-yield
switzerland,Switzerland 2M,Switzerland 2-Month,,,23710,,switzerland-2-month-bond-yield
taiwan,Taiwan 2Y,Taiwan 2-Year,,,29358,,taiwan-2-year-bond-yield
taiwan,Taiwan 5Y,Taiwan 5-Year,,,29359,,taiwan-5-year-bond-yield
taiwan,Taiwan 10Y,Taiwan 10-Year,,,29351,,taiwan-10-year-bond-yield
taiwan,Taiwan 20Y,Taiwan 20-Year,,,29353,,taiwan-20-year-bond-yield
taiwan,Taiwan 30Y,Taiwan 30-Year,,,29355,,taiwan-30-year-bond-yield
thailand,Thailand 20Y,Thailand 20-Year,,,1052540,,thailand-20-year
thailand,Thailand 16Y,Thailand 16-Year,,,29363,,thailand-16-year-bond-yield
thailand,Thailand 15Y,Thailand 15-Year,,,1052539,,thailand-15-year
thailand,Thailand 12Y,Thailand 12-Year,,,29361,,thailand-12-year-bond-yield
thailand,Thailand 14Y,Thailand 14-Year,,,29362,,thailand-14-year-bond-yield
thailand,Thailand 10Y,Thailand 10-Year,,,29360,,thailand-10-year-bond-yield
thailand,Thailand 5Y,Thailand 5-Year,,,29367,,thailand-5-year-bond-yield
thailand,Thailand 3Y,Thailand 3-Year,,,1052541,,thailand-3-year
thailand,Thailand 2Y,Thailand 2-Year,,,29366,,thailand-2-year-bond-yield
thailand,Thailand 1Y,Thailand 1-Year,,,29365,,thailand-1-year-bond-yield
thailand,Thailand 7Y,Thailand 7-Year,,,29368,,thailand-7-year-bond-yield
turkey,Turkey 10Y,Turkey 10-Year,,,24037,,turkey-10-year-bond-yield
turkey,Turkey 3Y,Turkey 3-Year,,,24035,,turkey-3-year-bond-yield
turkey,Turkey 5Y,Turkey 5-Year,,,24036,,turkey-5-year-bond-yield
turkey,Turkey 1Y,Turkey 1-Year,,,24033,,turkey-1-year-bond-yield
turkey,Turkey 2Y,Turkey 2-Year,,,24034,,turkey-2-year-bond-yield
uganda,Uganda 3M,Uganda 3-Month,,,42324,,uganda-3-months-bond-yield
uganda,Uganda 6M,Uganda 6-Month,,,42325,,uganda-6-months-bond-yield
uganda,Uganda 1Y,Uganda 1-Year,,,42327,,uganda-1-year-bond-yield
uganda,Uganda 2Y,Uganda 2-Year,,,42342,,uganda-2-years-bond-yield
uganda,Uganda 3Y,Uganda 3-Year,,,42340,,uganda-3-years-bond-yield
uganda,Uganda 5Y,Uganda 5-Year,,,42326,,uganda-5-years-bond-yield
uganda,Uganda 10Y,Uganda 10-Year,,,42341,,uganda-10-years-bond-yield
uganda,Uganda 15Y,Uganda 15-Year,,,1052551,,uganda-15-year
ukraine,Ukraine 3Y,Ukraine 3-Year,,,29373,,ukraine-3-year-bond-yield
ukraine,Ukraine 2Y,Ukraine 2-Year,,,29372,,ukraine-2-year-bond-yield
ukraine,Ukraine 1Y,Ukraine 1-Year,,,29371,,ukraine-1-year-bond-yield
united kingdom,U.K. 40Y,United Kingdom 40-Year,,,23678,,uk-40-year-bond-yield
united kingdom,U.K. 50Y,United Kingdom 50-Year,,,23679,,uk-50-year-bond-yield
united kingdom,U.K. 30Y,United Kingdom 30-Year,,,23677,,uk-30-year-bond-yield
united kingdom,U.K. 25Y,United Kingdom 25-Year,,,23676,,uk-25-year-bond-yield
united kingdom,U.K. 15Y,United Kingdom 15-Year,,,23674,,uk-15-year-bond-yield
united kingdom,U.K. 12Y,United Kingdom 12-Year,,,1052451,,uk-12-year
united kingdom,U.K. 10Y,United Kingdom 10-Year,,,23673,,uk-10-year-bond-yield
united kingdom,U.K. 9Y,United Kingdom 9-Year,,,23672,,uk-9-year-bond-yield
united kingdom,U.K. 8Y,United Kingdom 8-Year,,,23671,,uk-8-year-bond-yield
united kingdom,U.K. 20Y,United Kingdom 20-Year,,,23675,,uk-20-year-bond-yield
united kingdom,U.K. 6Y,United Kingdom 6-Year,,,23669,,uk-6-year-bond-yield
united kingdom,U.K. 5Y,United Kingdom 5-Year,,,23668,,uk-5-year-bond-yield
united kingdom,U.K. 4Y,United Kingdom 4-Year,,,23667,,uk-4-year-bond-yield
united kingdom,U.K. 3Y,United Kingdom 3-Year,,,23666,,uk-3-year-bond-yield
united kingdom,U.K. 2Y,United Kingdom 2-Year,,,23665,,uk-2-year-bond-yield
united kingdom,U.K. 1Y,United Kingdom 1-Year,,,23664,,uk-1-year-bond-yield
united kingdom,U.K. 6M,United Kingdom 6-Month,,,23663,,uk-6-month-bond-yield
united kingdom,U.K. 3M,United Kingdom 3-Month,,,23662,,uk-3-month-bond-yield
united kingdom,U.K. 1M,United Kingdom 1-Month,,,23661,,uk-1-month-bond-yield
united kingdom,U.K. 7Y,United Kingdom 7-Year,,,23670,,uk-7-year-bond-yield
united states,U.S. 30Y,United States 30-Year,,,23706,,u.s.-30-year-bond-yield
united states,U.S. 10Y,United States 10-Year,,,23705,,u.s.-10-year-bond-yield
united states,U.S. 7Y,United States 7-Year,,,23704,,u.s.-7-year-bond-yield
united states,U.S. 5Y,United States 5-Year,,,23703,,u.s.-5-year-bond-yield
united states,U.S. 3Y,United States 3-Year,,,23702,,u.s.-3-year-bond-yield
united states,U.S. 3M,United States 3-Month,,,23698,,u.s.-3-month-bond-yield
united states,U.S. 1Y,United States 1-Year,,,23700,,u.s.-1-year-bond-yield
united states,U.S. 6M,United States 6-Month,,,23699,,u.s.-6-month-bond-yield
united states,U.S. 1M,United States 1-Month,,,23697,,u.s.-1-month-bond-yield
united states,U.S. 2Y,United States 2-Year,,,23701,,u.s.-2-year-bond-yield
vietnam,Vietnam 10Y,Vietnam 10-Year,,,29379,,vietnam-10-year-bond-yield
vietnam,Vietnam 15Y,Vietnam 15 Year,,,1141813,,vietnam-15-year
vietnam,Vietnam 7Y,Vietnam 7-Year,,,29384,,vietnam-7-year-bond-yield
vietnam,Vietnam 20Y,Vietnam 20 Year,,,1141814,,vietnam-20-year
vietnam,Vietnam 3Y,Vietnam 3-Year,,,29382,,vietnam-3-year-bond-yield
vietnam,Vietnam 2Y,Vietnam 2-Year,,,29381,,vietnam-2-year-bond-yield
vietnam,Vietnam 1Y,Vietnam 1-Year,,,29380,,vietnam-1-year-bond-yield
vietnam,Vietnam 5Y,Vietnam 5-Year,,,29383,,vietnam-5-year-bond-yield
vietnam,Vietnam 25Y,Vietnam 25 Year,,,1141815,,vietnam-25-year
