country,name,full_name,symbol,,id,,tag
france,BNP Gold 31Dec99,BNP Paribas Arbitrage Issuance BV ZT Gold 31Dec99,NL0006454928,,1117224,,bnp-gold-31dec99
france,SG ZT SILVER X5 SHO 31Dec99,SOCIETE GENERALE EFFEKTEN GMBH ZT  SILVER X5 SHO 31Dec99,FR0011815075,,1117389,,sg-zt-silver-x5-sho-31dec99
france,SG BERKSHIRE HATHA ORD CL A 31Dec99,Societe Generale Effekten GMBH ZT BERKSHIRE HATHA ORD CL A 31Dec99,FR0010681528,,1117390,,sg-berkshire-hatha-ord-cl-a-31dec99
france,SG Call 23.4 EUR FAURECIA 31Dec99,SG ISSUER Call 23.4 EUR FAURECIA 31Dec99,LU1248646314,,1117363,,sg-call-23.4-eur-faurecia-31dec99
france,SG Call 13 EUR ORANGE 31Dec99,SG ISSUER Call 13 EUR ORANGE 31Dec99,LU1428373747,,1117360,,sg-call-13-eur-orange-31dec99
france,SG Call 150.8 EUR LOREAL 31Dec99,SG ISSUER Call 150.8 EUR L`OREAL 31Dec99,LU1358280920,,1117361,,sg-call-150.8-eur-loreal-31dec99
france,ING Call 53.48 IPE BRENT 1217,ING BANK N.V. Call 53.48 EUR IPE BRENT 12/17 31Dec99,NL0012080717,,1117345,,ing-call-53.48-ipe-brent-1217
france,ING Call 24.8 EUR SG 31Dec99,ING BANK N.V. Call 24.8 EUR SOCIETE GENERALE 31Dec99,NL0010360616,,1117333,,ing-call-24.8-eur-sg-31dec99
france,ING Call 29.1 NYMEX LS CRUDE 0416,ING BANK N.V. Call 29.1 EUR NYMEX LS CRUDE 04/16 31Dec99,NL0011619317,,1117334,,ing-call-29.1-nymex-ls-crude-0416
france,ING Call 29.29 ICE BRENT 0416,ING BANK N.V. Call 29.29 EUR ICE BRENT 04/16 31Dec99,NL0011493028,,1117335,,ing-call-29.29-ice-brent-0416
france,ING Call 33 ICE BRENT 05/16 31Dec99,ING BANK N.V. Call 33 EUR ICE BRENT 05/16 31Dec99,NL0011621024,,1117336,,ing-call-33-ice-brent-05-16-31dec99
france,SG ZT SILVER X5 LEV 31Dec99,SOCIETE GENERALE EFFEKTEN GMBH ZT  SILVER X5 LEV 31Dec99,FR0011815067,,1117388,,sg-zt-silver-x5-lev-31dec99
france,ING Call 33.95 ICE BRENT 0516,ING BANK N.V. Call 33.95 EUR ICE BRENT 05/16 31Dec99,NL0011622782,,1117338,,ing-call-33.95-ice-brent-0516
france,ING Call 48 ICE BRENT 10/17 31Dec99,ING BANK N.V. Call 48 EUR ICE BRENT 10/17 31Dec99,NL0012077226,,1117340,,ing-call-48-ice-brent-10-17-31dec99
france,ING Call 48.65 ICE BRENT 1017,ING BANK N.V. Call 48.65 EUR ICE BRENT 10/17 31Dec99,NL0012076772,,1117341,,ing-call-48.65-ice-brent-1017
france,ING Call 49.9 ICE BRENT 1017,ING BANK N.V. Call 49.9 EUR ICE BRENT 10/17 31Dec99,NL0012077291,,1117342,,ing-call-49.9-ice-brent-1017
france,ING Call 51.09 ICE BRENT 1117,ING BANK N.V. Call 51.09 EUR ICE BRENT 11/17 31Dec99,NL0012079289,,1117343,,ing-call-51.09-ice-brent-1117
france,ING Call 52.4 ICE BRENT 1117,ING BANK N.V. Call 52.4 EUR ICE BRENT 11/17 31Dec99,NL0012079883,,1117344,,ing-call-52.4-ice-brent-1117
france,ING Call 54.87 IPE BRENT 1217,ING BANK N.V. Call 54.87 EUR IPE BRENT 12/17 31Dec99,NL0012461784,,1117346,,ing-call-54.87-ipe-brent-1217
france,SG ZT Ubs-Ib Zur 31Dec99,Societe Generale Effekten GMBH ZT Ubs-Ib Zur 31Dec99,FR0010638494,,1117392,,sg-zt-ubs-ib-zur-31dec99
france,ING Call 55.4 ICE BRENT 1217,ING BANK N.V. Call 55.4 EUR ICE BRENT 12/17 31Dec99,NL0012463434,,1117347,,ing-call-55.4-ice-brent-1217
france,ING Call 57.96 ICE BRENT 0118,ING BANK N.V. Call 57.96 EUR ICE BRENT 01/18 31Dec99,NL0012464275,,1117348,,ing-call-57.96-ice-brent-0118
france,ING Call 725 EUR PLATINUM 31Dec99,ING BANK N.V. Call 725 EUR PLATINUM 31Dec99,NL0012823603,,1117349,,ing-call-725-eur-platinum-31dec99
france,ING Call 34.81 ICE BRENT 0516,ING BANK N.V. Call 34.81 EUR ICE BRENT 05/16 31Dec99,NL0011623145,,1117339,,ing-call-34.81-ice-brent-0516
france,SG ZT SILVER 31Dec99,SOCIETE GENERALE EFFEKTEN GMBH ZT  SILVER 31Dec99,FR0012468098,,1117387,,sg-zt-silver-31dec99
france,ING Call 33.7 BNP PARIBAS 31Dec99,ING BANK N.V. Call 33.7 EUR BNP PARIBAS 31Dec99,NL0010206686,,1117337,,ing-call-33.7-bnp-paribas-31dec99
france,SG ZT PALLADIUM 31Dec99,SOCIETE GENERALE EFFEKTEN GMBH ZT  PALLADIUM 31Dec99,FR0012468106,,1117385,,sg-zt-palladium-31dec99
france,SG ZT PLATINUM 31Dec99,SOCIETE GENERALE EFFEKTEN GMBH ZT  PLATINUM 31Dec99,FR0012468114,,1117386,,sg-zt-platinum-31dec99
france,SOCIETE GENERALE CAC 40 X10 31DEC99,SOCIETE GENERALE EFFEKTEN GMBH ZT CAC 40 X10 LEVERAGE 31DEC99,FR0011214527,,1115847,,societe-generale-cac-40-x10-31dec99
france,SG Call 11.44 EUR ORANGE 31Dec99,SOCIETE GENERALE Call 11.44 EUR ORANGE 31Dec99,FR0012791424,,1117376,,sg-call-11.44-eur-orange-31dec99
france,SG Call 35.36 EUR TOTAL SA 31Dec99,SG ISSUER Call 35.36 EUR TOTAL SA 31Dec99,LU1357408704,,1117364,,sg-call-35.36-eur-total-sa-31dec99
france,SG Call 43 EUR AIRBUS GROUP 31Dec99,SG ISSUER Call 43 EUR AIRBUS GROUP 31Dec99,LU1383118483,,1117365,,sg-call-43-eur-airbus-group-31dec99
france,SG Call 54.08 RENAULT SA 31Dec99,SG ISSUER Call 54.08 EUR RENAULT SA 31Dec99,LU1248649334,,1117366,,sg-call-54.08-renault-sa-31dec99
france,SG Call 57 EUR DANONE 31Dec99,SG ISSUER Call 57 EUR DANONE 31Dec99,LU1299482569,,1117368,,sg-call-57-eur-danone-31dec99
france,SG Call 6 CREDIT AGRICOLE 31Dec99,SG ISSUER Call 6 EUR CREDIT AGRICOLE 31Dec99,LU1383125850,,1117370,,sg-call-6-credit-agricole-31dec99
france,SG Call 65.52 CAP GEMINI 31Dec99,SG ISSUER Call 65.52 EUR CAP GEMINI 31Dec99,LU1357398988,,1117371,,sg-call-65.52-cap-gemini-31dec99
france,SG Call 68.64 EUR ORPEA 31Dec99,SG ISSUER Call 68.64 EUR ORPEA 31Dec99,LU1428456526,,1117372,,sg-call-68.64-eur-orpea-31dec99
france,SG ZT NYMEX LS CRUDE 09/16 31Dec99,SG ISSUER ZT  NYMEX LS CRUDE 09/16 31Dec99,FR0013198488,,1117373,,sg-zt-nymex-ls-crude-09-16-31dec99
france,SG Call 58 SANOFI-AVENTIS 31Dec99,SG ISSUER Call 58 EUR SANOFI-AVENTIS 31Dec99,LU1476973760,,1117369,,sg-call-58-sanofi-aventis-31dec99
france,SG ZT Gold x 5 Short 31Dec99,SOCIETE GENERALE EFFEKTEN GMBH ZT  Gold x 5 Short 31Dec99,FR0011334861,,1117383,,sg-zt-gold-x-5-short-31dec99
france,SG ZT WTI Fut 5X ShLev Ind 31Dec99,SG ISSUER ZT  WTI Fut 5X ShLev Ind 31Dec99,FR0013112778,,1117375,,sg-zt-wti-fut-5x-shlev-ind-31dec99
france,SG Call 16.64 EUR AXA 31Dec99,SOCIETE GENERALE Call 16.64 EUR AXA 31Dec99,FR0012500965,,1117377,,sg-call-16.64-eur-axa-31dec99
france,SG Call 18.38 EUR ALSTOM 31Dec99,SG ISSUER Call 18.38 EUR ALSTOM 31Dec99,LU1357395968,,1117362,,sg-call-18.38-eur-alstom-31dec99
france,SG Call WTI CRUDE 31Dec99,Societe Generale Effekten GMBH Call   WTI CRUDE 31Dec99,FR0010583914,,1117378,,sg-call-wti-crude-31dec99
france,SG Call ICE BRENT 05/12 31Dec99,SOCIETE GENERALE EFFEKTEN GMBH Call  ICE BRENT 05/12 31Dec99,FR0011231844,,1117379,,sg-call-ice-brent-05-12-31dec99
france,SG ZT Brent x 5 Short 31Dec99,SOCIETE GENERALE EFFEKTEN GMBH ZT  Brent x 5 Short 31Dec99,FR0011334887,,1117380,,sg-zt-brent-x-5-short-31dec99
france,SG ZT GOLD 31Dec99,SOCIETE GENERALE EFFEKTEN GMBH ZT  GOLD 31Dec99,FR0010956383,,1117381,,sg-zt-gold-31dec99
france,SG ZT Gold x 5 Lev 31Dec99,SOCIETE GENERALE EFFEKTEN GMBH ZT  Gold x 5 Lev 31Dec99,FR0011334846,,1117382,,sg-zt-gold-x-5-lev-31dec99
france,SG ZT WTI Fut 5X Lev Ind 31Dec99,SG ISSUER ZT  WTI Fut 5X Lev Ind 31Dec99,FR0013112786,,1117374,,sg-zt-wti-fut-5x-lev-ind-31dec99
france,SG ZT GOLD X10 LEV 31Dec99,SOCIETE GENERALE EFFEKTEN GMBH ZT  GOLD X10 LEV 31Dec99,FR0011815034,,1117384,,sg-zt-gold-x10-lev-31dec99
germany,BNP KOSPI 200 Index 31Dec99,BNP PARIBAS ARBITRAGE ISSUANCE BV ZT KOSPI 200 Index 31Dec99,DE571515,,1119021,,bnp-kospi-200-index-31dec99
germany,BNP ZT MSCI Daily TR Net EM Indones,BNP Paribas Arbitrage Issuance B.V. ZT MSCI Daily TR Net EM Indonesia Local 31Dec99,DEAA12MX,,1119030,,bnp-zt-msci-daily-tr-net-em-indones
germany,BNP ZT RBS AUD TR Index 31Dec99,BNP Paribas Arbitrage Issuance B.V. ZT RBS AUD Total Return Index 31Dec99,DE918740,,1119031,,bnp-zt-rbs-aud-tr-index-31dec99
germany,BNP DAXplus Maximum Sharpe Ger TR,BNP Paribas Arbitrage Issuance B.V. ZT DAXplus Maximum Sharpe Ratio Germany EUR Total Return Index 3,DEAA0KF0,,1119019,,bnp-daxplus-maximum-sharpe-ger-tr
germany,BNP Call MSCI Colombia 31Dec99,BNP Paribas Arbitrage Issuance B.V. Call MSCI Colombia 31Dec99,DEAA2RDF,,1119016,,bnp-call-msci-colombia-31dec99
germany,BNP ZT RBS CHF TR Index 31Dec99,BNP Paribas Arbitrage Issuance B.V. ZT RBS CHF Total Return Index 31Dec99,DE918741,,1119032,,bnp-zt-rbs-chf-tr-index-31dec99
germany,BNP Call MSCI New Zealand 31Dec99,BNP Paribas Arbitrage Issuance B.V. Call MSCI New Zealand 31Dec99,DEAA209B,,1119017,,bnp-call-msci-new-zealand-31dec99
germany,BNP ZT DAXplus Minimum Variance PR,BNP Paribas Arbitrage Issuance B.V. ZT DAXplus Minimum Variance US USD Price Return Index 31Dec99,DEAA0KF1,,1119027,,bnp-zt-daxplus-minimum-variance-pr
germany,BNP Paribas ZT MSCI Russia 31Dec99,BNP Paribas ZT MSCI Russia 31Dec99,DEBN2RUS,,1119022,,bnp-paribas-zt-msci-russia-31dec99
germany,BNP Call RBS Generic Drugs TR Index,BNP Paribas Arbitrage Issuance B.V. Call RBS Generic Drugs Total Return Index 31Dec99,DEABN9PP,,1119018,,bnp-call-rbs-generic-drugs-tr-index
germany,BNP ZT BNP Vietnam Price Return,BNP Paribas Arbitrage Issuance B.V. ZT BNP Paribas Arbitrage Issuance B.V. Vietnam Price Return Inde,DEAA0KE8,,1119023,,bnp-zt-bnp-vietnam-price-return
germany,BNP Call ZAR USD/ZAR,BNP Paribas Arbitrage Issuance B.V. Call USD ZAR US-Dollar S dafrikanischer Rand 31Dec99,DEAA0KSF,,1118980,,bnp-call-zar-usd-zar
germany,BNP ZT DAXGlobal Agribusiness Price,BNP Paribas Arbitrage Issuance B.V. ZT DAXGlobal Agribusiness EUR Price Index 31Dec99,DEAA0KGG,,1119025,,bnp-zt-daxglobal-agribusiness-price
germany,BNP ZT DAXGlobal Russia RUB PR,BNP Paribas Arbitrage Issuance B.V. ZT DAXGlobal Russia RUB Price Return Index 31Dec99,DEABN98G,,1119026,,bnp-zt-daxglobal-russia-rub-pr
germany,BNP ZT HANG SENG 31Dec99,BNP Paribas Arbitrage Issuance B.V. ZT HANG SENG 31Dec99,DE685964,,1119029,,bnp-zt-hang-seng-31dec99
germany,BNP DJ Stoxx 600 Cyclical Goods Ser,BNP Paribas Arbitrage Issuance B.V. ZT Dow Jones Stoxx 600 Cyclical Goods Services Price EUR 31Dec99,DE827430,,1119020,,bnp-dj-stoxx-600-cyclical-goods-ser
germany,Bayerische Gold 31Dec99,Bayerische Hypo-und Vereinsbank AG ZT Gold 31Dec99,DEHV2XAU,,1118019,,bayerische-gold-31dec99
germany,Bayerische DAX Index 31Dec99,Bayerische Hypo-und Vereinsbank AG ZT DAX Index 31Dec99,DEHY1Y7L,,1119006,,bayerische-dax-index-31dec99
germany,Vontobel Call 30.7 EUR Unilever,Vontobel Call 30.7 EUR Unilever N.V. 31Dec99,DEVZ716B,,1118975,,vontobel-call-30.7-eur-unilever
germany,CB Call 10.2429 ZAR USD/ZAR,COMMERZBANK AG Call 10.2429 ZAR USD/ZAR Spot Rate 31Dec99,DECE8NK7,,1118983,,cb-call-10.2429-zar-usd-zar
germany,CB Call 0.5758 AUD/USD 31Dec99,COMMERZBANK AG Call 0.5758 AUD/USD 31Dec99,DECE6M8S,,1118982,,cb-call-0.5758-aud-usd-31dec99
germany,BNP Put EUR/USD 31Dec99,BNP Put EUR/USD 31Dec99,DEAA0XYR,,1118981,,bnp-put-eur-usd-31dec99
germany,BNP Call Chile Inter 10 Index,BNP Paribas Arbitrage Issuance B.V. Call Chile Inter 10 Index 31Dec99,DEAA0C4K,,1119014,,bnp-call-chile-inter-10-index
germany,BNP ZT DAX 31Dec99,BNP Paribas Arbitrage Issuance B.V. ZT DAX Idx 31Dec99,DE768918,,1119024,,bnp-zt-dax-31dec99
germany,BNP Call CECE Composite Euro,BNP Paribas Arbitrage Issuance B.V. Call CECE Composite Euro 31Dec99,DEABN0EW,,1119013,,bnp-call-cece-composite-euro
germany,BNP ZT DAXplus MV Germany TR,BNP Paribas Arbitrage Issuance B.V. ZT DAXplus Minimum Variance Germany EUR Total Return Index 31Dec,DEAA0KFZ,,1119028,,bnp-zt-daxplus-mv-germany-tr
germany,BNP ZT RBS HUF TR Index 31Dec99,BNP Paribas Arbitrage Issuance B.V. ZT RBS HUF Total Return Index 31Dec99,DE918607,,1119033,,bnp-zt-rbs-huf-tr-index-31dec99
germany,BNP Call CASE 30 31Dec99,BNP Paribas Arbitrage Issuance B.V. Call CASE 30 31Dec99,DEABN1EJ,,1119012,,bnp-call-case-30-31dec99
germany,DE000DB3WT13,Deutsche Bank AG ZT WTI Light Sweet Crude Oil Future 30Dec99,DEDB3WT1,,1161003,,de000db3wt13
germany,DZ ZT Silber Endlos 31Dec99,DZ Bank Zentral-Genossenschaftsbank AG ZT Silber 31Dec99,DEDZ0B77,,1118231,,dz-zt-silber-endlos-31dec99
germany,DB Brent Crude Oil 31Dec99,Deutsche Bank AG ZT Brent Crude Oil 31Dec99,DEDB3CTQ,,1118216,,db-brent-crude-oil-31dec99
germany,DZ ZT Gold Endlos 31Dec99,DZ Bank Zentral-Genossenschaftsbank AG ZT Gold 31Dec99,DEDZ0B66,,1118227,,dz-zt-gold-endlos-31dec99
germany,DZ Call BrentOel Quanto Endlos,DZ BANK AG Call DZ BANK BestCommodity BrentOel Index 31Dec99,DEDZ2X4Q,,1119239,,dz-call-brentoel-quanto-endlos
germany,Dresdner Bank Composite Easter,Dresdner Bank ZT CECE USD - Composite Eastern European Price Index 31Dec99,DE635186,,1119214,,dresdner-bank-composite-easter
germany,Bayerische Silber 31Dec99,Bayerische Hypo-und Vereinsbank AG ZT Silber 31Dec99,DEHV2XAG,,1118196,,bayerische-silber-31dec99
germany,UBS Call DAX 31Dec99,UBS Deutschland AG Call DAX 31Dec99,DE550479,,1119384,,ubs-call-dax-31dec99
germany,CB ZT E.ON Long x3 31Dec99,Commerzbank AG ZT E.ON 31Dec99,DECZ24PM,,1118704,,cb-zt-e.on-long-x3-31dec99
germany,DZ ZT Kupfer LME Endlos 31Dec99,DZ Bank Zentral-Genossenschaftsbank AG ZT Kupfer LME 31Dec99,DEDZ0CDD,,1118229,,dz-zt-kupfer-lme-endlos-31dec99
germany,CB ZT Nokia Long x3 31Dec99,Commerzbank AG ZT Nokia 31Dec99,DECZ327H,,1118728,,cb-zt-nokia-long-x3-31dec99
germany,BNP ZT RBS TRY TR Index 31Dec99,BNP Paribas Arbitrage Issuance B.V. ZT RBS TRY Total Return Index 31Dec99,DE918722,,1119034,,bnp-zt-rbs-try-tr-index-31dec99
germany,BNP Call MSCI Chile Net TR USD,BNP Paribas Arbitrage Issuance B.V. Call MSCI Chile Net TR USD 31Dec99,DEAA2RDE,,1119015,,bnp-call-msci-chile-net-tr-usd
germany,BNP ZT RICI Energy ER 31Dec99,BNP Paribas Arbitrage Issuance B.V. ZT RICI Energy ER 31Dec99,DEAA0QL7,,1119037,,bnp-zt-rici-energy-er-31dec99
germany,BNP ZT RBS ZAR TR Index 31Dec99,BNP Paribas Arbitrage Issuance B.V. ZT RBS ZAR Total Return Index 31Dec99,DE918556,,1119036,,bnp-zt-rbs-zar-tr-index-31dec99
germany,BNP ZT RBS Vietnam II TR Index,BNP Paribas Arbitrage Issuance B.V. ZT RBS Vietnam II Total Return Index 31Dec99,DEAA01WG,,1119035,,bnp-zt-rbs-vietnam-ii-tr-index
germany,Bayerische DJ UBS Crude Oil 3M TR,Bayerische Hypo-und Vereinsbank AG ZT Dow Jones-UBS Crude Oil Subindex 3 Month Forward Total Return,DEHV5BKP,,1119007,,bayerische-dj-ubs-crude-oil-3m-tr
germany,BNP Call 2260.19 China Enterprises,BNP Paribas Arbitrage Issuance B.V. Call 2260.19 HKD Hang Seng China Enterprises 31Dec99,DE342602,,1119008,,bnp-call-2260.19-china-enterprises
germany,BNP Call 2457 EUR DAX 31Dec99,BNP Paribas Arbitrage Issuance B.V. Call 2457 EUR DAX 31Dec99,DE721792,,1119009,,bnp-call-2457-eur-dax-31dec99
germany,BNP Call 2730 EUR DAX 31Dec99,BNP Paribas Arbitrage Issuance B.V. Call 2730 EUR DAX 31Dec99,DE721791,,1119010,,bnp-call-2730-eur-dax-31dec99
germany,DZ ZT Kupfer LME 31Dec99,DZ Bank Zentral-Genossenschaftsbank AG ZT Kupfer LME 31Dec99,DEDZ0CEE,,1118228,,dz-zt-kupfer-lme-31dec99
germany,BNP Call 466.07 NYSE Arca Biotechno,BNP Paribas Arbitrage Issuance B.V. Call 466.07 USD NYSE Arca Biotechnology Index 31Dec99,DE167484,,1119011,,bnp-call-466.07-nyse-arca-biotechno
italy,Vontobel Call VT 7XL DJ 5.71,Vontobel Financial Products GmbH Call VT 7XL DJ 5.71 18Dec20,DEVN9C36,,1121072,,vontobel-call-vt-7xl-dj-5.71
italy,BNP Call Eurex DAX Future 15Dec21,BNP PARIBAS ISSUANCE Call Eurex DAX Index Future Continuation 1 15Dec21,NL266641,,1120605,,bnp-call-eurex-dax-future-15dec21
italy,Vontobel Put 7X Short Natural GasV4,Vontobel Financial Products GmbH Put 7X Short Index linked to Natural Gas (Henry Hub) Future V4 18De,DEVN9KLD,,1121091,,vontobel-put-7x-short-natural-gasv4
italy,Vontobel Call VT 7XL SP 500 18Dec20,Vontobel Call VT 7XL SP 500 18Dec20,DEVN9AA1,,1121078,,vontobel-call-vt-7xl-sp-500-18dec20
italy,Vontobel Call 3X Long UniCr 16Jun23,Vontobel Financial Products GmbH Call 3X Long Index linked to UniCredit SpA 16Jun23,DEVN9D04,,1121044,,vontobel-call-3x-long-unicr-16jun23
italy,Vontobel Put VT 7XS Wheat 18Dec20,Vontobel Put VT 7XS Wheat 18Dec20,DEVN9ACH,,1121118,,vontobel-put-vt-7xs-wheat-18dec20
italy,Vontobel Call VT 7XL XPD 18Dec20,Vontobel Call VT 7XL XPD 18Dec20,DEVN9AB3,,1121082,,vontobel-call-vt-7xl-xpd-18dec20
italy,BNP CALL FTSE MIB Future 19Mar21,BNP PARIBAS ISSUANCE CALL Milan Stock Exchange FTSE MIB Index Future 19Mar21,NL266387,,1120619,,bnp-call-ftse-mib-future-19mar21
italy,Bnp Iss - Isp 21Nv23,Bnp Iss - Isp 21Nv23,XS1859575604,,1159060,,bnp-iss-isp-21nv23
italy,Vontobel Call VT 7XL Nasdaq 100,Vontobel Call VT 7XL Nasdaq 100 18Dec20,DEVN9AA5,,1121076,,vontobel-call-vt-7xl-nasdaq-100
italy,Vontobel Call 7X Long Corn,Vontobel Financial Products GmbH Call 7X Long Index linked to Corn Future 18Dec20,DEVN9KLH,,1121049,,vontobel-call-7x-long-corn
italy,ALETTI 181007 STOXX Div 30 15Sep23,BANCA ALETTI & C ZT 1810.07 EUR EURO STOXX Select Dividend 30 INDEX 15Sep23,IT521251,,1120382,,aletti-181007-stoxx-div-30-15sep23
italy,Vontobel Put VT 7XS XAG 18Dec20,Vontobel Put VT 7XS XAG 18Dec20,DEVN9ABT,,1121119,,vontobel-put-vt-7xs-xag-18dec20
italy,Vontobel 4X Short on MIB,Vontobel Financial Products GmbH Fixed Lever 4X Short on MIB,DEVN9AAP,,1121013,,vontobel-4x-short-on-mib
italy,SG EURO STOXX 50 Short 5 GR 18Jun21,SG Issuer SA ZT EURO STOXX 50 Daily Short 5 USD GR Index 18Jun21,LU940070,,1121125,,sg-euro-stoxx-50-short-5-gr-18jun21
italy,Vontobel Call VT 7XL XAU 18Dec20,Vontobel Call VT 7XL XAU 18Dec20,DEVN9ABM,,1121081,,vontobel-call-vt-7xl-xau-18dec20
italy,Vontobel Put VT 5XS Coffee 2,Vontobel Put VT 5XS Coffee 2 18Dec20,DEVN9AB8,,1121099,,vontobel-put-vt-5xs-coffee-2
italy,Vontobel 5X Short on MIB,Vontobel Financial Products GmbH Fixed Lever 5X Short on MIB,DEVN9AAQ,,1121018,,vontobel-5x-short-on-mib
italy,Vontobel Put VT 7XS XAU 18Dec20,Vontobel Put VT 7XS XAU 18Dec20,DEVN9ABP,,1121120,,vontobel-put-vt-7xs-xau-18dec20
italy,BNP Zt 13074 Intesa SanPaolo 28Aug2,BNP PARIBAS ISSUANCE Zt 2.179 EUR Intesa SanPaolo SpA 28Aug20,NL303053,,1120291,,bnp-zt-13074-intesa-sanpaolo-28aug2
italy,Vontobel Put VT 3XS NOKIA 3 16Jun23,Vontobel Financial Products GmbH Put VT 3XS NOKIA 3 Index 16Jun23,DEVN9D0V,,1121097,,vontobel-put-vt-3xs-nokia-3-16jun23
italy,SG GOLD X7 LONG 18Jun21,SG ISSUER ZT GOLD X7 LONG 18Jun21,LU416992,,1120997,,sg-gold-x7-long-18jun21
italy,Vontobel 7X Long on Cocoa 9.09,Vontobel Financial Products GmbH 7X Long Fixed Lever on Cocoa 9.09,DEVN9BMB,,1121021,,vontobel-7x-long-on-cocoa-9.09
italy,BNP Put 29450 EUR FTSE MIB 18Dec20,BNP PARIBAS ISSUANCE Put 29450 EUR FTSE MIB Index 18Dec20,NL266723,,1120466,,bnp-put-29450-eur-ftse-mib-18dec20
italy,Vontobel Call VT 3XL TIT 16Jun23,Vontobel Financial Products GmbH Call VT 3XL TIT Index 16Jun23,DEVN9D00,,1121058,,vontobel-call-vt-3xl-tit-16jun23
italy,SG FTSE MIB TR 5x Daily RT 18Jun21,SG Issuer SA ZT FTSE MIB TR 5x Daily Leveraged RT Net-Of-Tax (Lux) Index 18Jun21,LU940045,,1120993,,sg-ftse-mib-tr-5x-daily-rt-18jun21
italy,SG GOLD X7 SHORT 18Jun21,SG ISSUER ZT GOLD X7 SHORT 18Jun21,LU417000,,1120998,,sg-gold-x7-short-18jun21
italy,Vontobel 7X Short linked to DAX,Vontobel 7X Short linked to DAX,DEVN9AAB,,1120424,,vontobel-7x-short-linked-to-dax
italy,Vontobel Put VT 5XS XAG 3 18Dec20,Vontobel Put VT 5XS XAG 3 18Dec20,DEVN9ABS,,1121106,,vontobel-put-vt-5xs-xag-3-18dec20
italy,Vontobel Call VT 7XL Corn 18Dec20,Vontobel Call VT 7XL Corn 18Dec20,DEVN9ACB,,1121070,,vontobel-call-vt-7xl-corn-18dec20
italy,Vontobel 7X Long linked to DAX,Vontobel 7X Long linked to DAX,DEVN9AAA,,1120420,,vontobel-7x-long-linked-to-dax
italy,Vontobel Put VT 7XS SP 500 18Dec20,Vontobel Put VT 7XS SP 500 18Dec20,DEVN9AA3,,1121116,,vontobel-put-vt-7xs-sp-500-18dec20
italy,SG 25.06.21 FTSE x5 Short,SG Issuer SA 25.06.21 FTSE x5 Short,LU940053,,1120985,,sg-25.06.21-ftse-x5-short
italy,Vontobel 7X Long on Coffee 10.74,Vontobel Financial Products GmbH 7X Long Fixed Lever on Coffee 10.74,DEVN9CG5,,1121022,,vontobel-7x-long-on-coffee-10.74
italy,BNP Put FTSE MIB Future 17Dec21,BNP PARIBAS ISSUANCE Put Milan Stock Exchange FTSE MIB Index Future 17Dec21,NL266640,,1120616,,bnp-put-ftse-mib-future-17dec21
italy,Vontobel Put VT 7XS Coffee 18Dec20,Vontobel Put VT 7XS Coffee 18Dec20,DEVN9AB9,,1121107,,vontobel-put-vt-7xs-coffee-18dec20
italy,Vontobel 5X Long Fixed Lever on MIB,Vontobel Financial Products GmbH 5X Long Fixed Lever on MIB,DEVN9AAL,,1121014,,vontobel-5x-long-fixed-lever-on-mib
italy,Uni Put Italia Leva 7 Short 16Oct20,UniCredit Bank AG Put Italia Leva 7 Short 16Oct20,DEHV40B6,,1120943,,uni-put-italia-leva-7-short-16oct20
italy,Uni Put Italia Leva 7 Short 15Oct21,UniCredit Bank AG Put Italia Leva 7 Short 15Oct21,DEHV42GD,,1120942,,uni-put-italia-leva-7-short-15oct21
italy,SG S&P 500 TR 01Apr21,SG ISSUER ZT S&P 500 TR 01Apr21,LU137671,,1121129,,sg-s-p-500-tr-01apr21
italy,SG SLVR X7 SHORT 18Jun21,SG ISSUER ZT SLVR X7 SHORT 18Jun21,LU417077,,1121006,,sg-slvr-x7-short-18jun21
italy,BNP Put Eurex DAX Future 15Dec21,BNP PARIBAS ISSUANCE Put Eurex DAX Index Future Continuation 1 15Dec21,NL266642,,1120602,,bnp-put-eurex-dax-future-15dec21
italy,Vontobel Put 3X Short Tesla 16Jun23,Vontobel Financial Products GmbH Put 3X Short Index linked to Tesla Motors Inc. 16Jun23,DEVN9D1B,,1121088,,vontobel-put-3x-short-tesla-16jun23
italy,Uni Call Italia X 7 Long 15Oct21,UniCredit Bank AG Call Italia X 7 Long Index 15Oct21,DEHV41JE,,1120930,,uni-call-italia-x-7-long-15oct21
italy,Bayerische Call ShortDAX x7 22Oct21,Bayerische Hypo-und Vereinsbank AG Call ShortDAX x7 (Total Return) (EUR) Index 22Oct21,DEHV42GC,,1120400,,bayerische-call-shortdax-x7-22oct21
italy,Vontobel 7X Short su Cacao,Vontobel Financial Products GmbH Leva Fissa 7X Short su Cacao,DEVN9DZU,,1121035,,vontobel-7x-short-su-cacao
italy,Vontobel Put VT 5XS Nasdaq 199,Vontobel Put VT 5XS Nasdaq 199 18Dec20,DEVN9AA6,,1121102,,vontobel-put-vt-5xs-nasdaq-199
italy,LU2158823141,SG ISSUER ZT GAS X7 LONG 18Jun21,LU019080,,1161335,,lu2158823141
italy,BNP PUT FTSE MIB Future 19Mar21,BNP PARIBAS ISSUANCE PUT Milan Stock Exchange FTSE MIB Index Future 19Mar21,NL266388,,1120617,,bnp-put-ftse-mib-future-19mar21
italy,Uni Call Italia X 7 Long 16Oct20,UniCredit Bank AG Call Italia X 7 Long Index 16Oct20,DEHV40B5,,1120931,,uni-call-italia-x-7-long-16oct20
netherlands,BNP Put 44298 NETFLIX INC 31Dec99,BNP PARIBAS ARBITRAGE ISSUANCE BV Put 442.98 USD NETFLIX INC 31Dec99,NL0013282791,,1121574,,bnp-put-44298-netflix-inc-31dec99
netherlands,BNP Put 5384 COCA COLA CO 31Dec99,BNP PARIBAS ARBITRAGE ISSUANCE BV Put 53.84 USD COCA COLA CO 31Dec99,NL0013281991,,1121575,,bnp-put-5384-coca-cola-co-31dec99
netherlands,BNP Put 708081 NASDAQ-100 31Dec99,BNP PARIBAS ARBITRAGE ISSUANCE BV Put 7080.81 USD NASDAQ-100 31Dec99,NL0013164395,,1121576,,bnp-put-708081-nasdaq-100-31dec99
netherlands,BNP Put 719192 NASDAQ-100 31Dec99,BNP PARIBAS ARBITRAGE ISSUANCE BV Put 7191.92 USD NASDAQ-100 31Dec99,NL0013152515,,1121577,,bnp-put-719192-nasdaq-100-31dec99
netherlands,BNP Put 4290 EUR STOXX 50 31Dec99,BNP PARIBAS ARBITRAGE ISSUANCE BV Put 4290 EUR EURO STOXX 50 31Dec99,NL0011090709,,1121582,,bnp-put-4290-eur-stoxx-50-31dec99
netherlands,GS Put 4950 EUR STOXX 50 31Dec99,GOLDMAN SACHS & CO WERTP.GMBH Put 4950 EUR EURO STOXX 50 31Dec99,NL0011231071,,1121569,,gs-put-4950-eur-stoxx-50-31dec99
netherlands,GS Call 34AIR FRANCE KLM 31Dec99,GOLDMAN SACHS & CO WERTP.GMBH Call 3.4 EUR AIR FRANCE KLM 31Dec99,NL0011240825,,1121579,,gs-call-34air-france-klm-31dec99
netherlands,GS Call 533ARCELORMITTAL 31Dec99,GOLDMAN SACHS & CO WERTP.GMBH Call 5.33 EUR ARCELORMITTAL 31Dec99,NL0011979356,,1121581,,gs-call-533arcelormittal-31dec99
netherlands,BNP Put 42183 NETFLIX INC 31Dec99,BNP PARIBAS ARBITRAGE ISSUANCE BV Put 421.83 USD NETFLIX INC 31Dec99,NL0013282783,,1121573,,bnp-put-42183-netflix-inc-31dec99
netherlands,GS Call 1981394AHOLD DEL 31Dec99,GOLDMAN SACHS & CO WERTP.GMBH Call 19.81394 EUR AHOLD DEL 31Dec99,NL0013132558,,1121578,,gs-call-1981394ahold-del-31dec99
netherlands,BNP Put 18134 NVIDIA CORP 31Dec99,BNP PARIBAS ARBITRAGE ISSUANCE BV Put 181.34 USD NVIDIA CORP 31Dec99,NL0013162688,,1121571,,bnp-put-18134-nvidia-corp-31dec99
netherlands,GS Put 31.13333 EUR APERAM 31Dec99,GOLDMAN SACHS & CO WERTP.GMBH Put 31.13333 EUR APERAM 31Dec99,NL0013180813,,1121522,,gs-put-31.13333-eur-aperam-31dec99
netherlands,GS Call 582242 EUR BAYER AG 31Dec99,GOLDMAN SACHS & CO WERTP.GMBH Call 58.2242 EUR BAYER AG 31Dec99,NL0013228018,,1121546,,gs-call-582242-eur-bayer-ag-31dec99
netherlands,GS Call 13809524 Baidu Inc 31Dec99,GOLDMAN SACHS & CO WERTP.GMBH Call 138.09524 USD Baidu Inc 31Dec99,NL0013184633,,1121591,,gs-call-13809524-baidu-inc-31dec99
netherlands,GS Call 5.05 EUR TOMTOM NV 31Dec99,GOLDMAN SACHS & CO WERTP.GMBH Call 5.05 EUR TOMTOM NV 31Dec99,NL0011040597,,1121515,,gs-call-5.05-eur-tomtom-nv-31dec99
netherlands,GS Put 11.98 EUR TOMTOM NV 31Dec99,GOLDMAN SACHS & CO WERTP.GMBH Put 11.98 EUR TOMTOM NV 31Dec99,NL0011732458,,1121521,,gs-put-11.98-eur-tomtom-nv-31dec99
netherlands,GS Put 1.315 USD EUR / USD 31Dec99,GOLDMAN SACHS & CO WERTP.GMBH Put 1.315 USD EUR / USD 31Dec99,NL0011040993,,1121520,,gs-put-1.315-usd-eur-usd-31dec99
netherlands,GS Put 1.17789 USD EUR/USD 31Dec99,GOLDMAN SACHS & CO WERTP.GMBH Put 1.17789 USD EUR/USD 31Dec99,NL0013081672,,1121519,,gs-put-1.17789-usd-eur-usd-31dec99
netherlands,GS Put 1.17085 USD EUR/USD 31Dec99,GOLDMAN SACHS & CO WERTP.GMBH Put 1.17085 USD EUR/USD 31Dec99,NL0013188832,,1121518,,gs-put-1.17085-usd-eur-usd-31dec99
netherlands,GS Put 1.16985 USD EUR/USD 31Dec99,GOLDMAN SACHS & CO WERTP.GMBH Put 1.16985 USD EUR/USD 31Dec99,NL0013184922,,1121517,,gs-put-1.16985-usd-eur-usd-31dec99
netherlands,GS Put 1.15779 USD EUR/USD 31Dec99,GOLDMAN SACHS & CO WERTP.GMBH Put 1.15779 USD EUR/USD 31Dec99,NL0013230766,,1121516,,gs-put-1.15779-usd-eur-usd-31dec99
netherlands,GS Call 2680 EUR STOXX 50 31Dec99,GOLDMAN SACHS & CO WERTP.GMBH Call 2680 EUR EURO STOXX 50 31Dec99,NL0011602669,,1121583,,gs-call-2680-eur-stoxx-50-31dec99
netherlands,GS Put 192 EUR SBM OFFSHORE 31Dec99,GOLDMAN SACHS & CO WERTP.GMBH Put 19.2 EUR SBM OFFSHORE 31Dec99,NL0011230149,,1121548,,gs-put-192-eur-sbm-offshore-31dec99
netherlands,GS Call 36 ICE BRENT 07/16 31Dec99,GOLDMAN SACHS & CO WERTP.GMBH Call 36 USD ICE BRENT 07/16 31Dec99,NL0011727763,,1121584,,gs-call-36-ice-brent-07-16-31dec99
netherlands,BNP Put 3106BASIC-FIT NV 31Dec99,BNP PARIBAS ARBITRAGE ISSUANCE BV Put 31.06 EUR BASIC-FIT NV 31Dec99,NL0013281926,,1121572,,bnp-put-3106basic-fit-nv-31dec99
netherlands,BNP Put 2389ARCELORMITTAL 31Dec99,BNP PARIBAS ARBITRAGE ISSUANCE BV Put 23.89 EUR ARCELORMITTAL 31Dec99,NL0013161193,,1121587,,bnp-put-2389arcelormittal-31dec99
netherlands,BNP Put 10523Galapagos NV 31Dec99,BNP PARIBAS ARBITRAGE ISSUANCE BV Put 105.23 EUR Galapagos NV 31Dec99,NL0013169063,,1121585,,bnp-put-10523galapagos-nv-31dec99
netherlands,BNP Put 909 USD QUALCOMM INC 31Dec9,BNP PARIBAS ARBITRAGE ISSUANCE BV Put 90.9 USD QUALCOMM INC 31Dec99,NL0012020440,,1121558,,bnp-put-909-usd-qualcomm-inc-31dec9
netherlands,BNP Put 6498 EUR TAKEAWAYCOM 31Dec9,BNP PARIBAS ARBITRAGE ISSUANCE BV Put 64.98 EUR TAKEAWAY.COM 31Dec99,NL0013282627,,1121565,,bnp-put-6498-eur-takeawaycom-31dec9
netherlands,GS Put 825946 EUR AKZO NOBEL 31Dec9,GOLDMAN SACHS & CO WERTP.GMBH Put 82.5946 EUR AKZO NOBEL 31Dec99,NL0013085319,,1121564,,gs-put-825946-eur-akzo-nobel-31dec9
netherlands,GS Call 9224 USD GOLD FIXING 31Dec9,GOLDMAN SACHS & CO WERTP.GMBH Call 922.4 USD GOLD FIXING 31Dec99,NL0011417688,,1121563,,gs-call-9224-usd-gold-fixing-31dec9
netherlands,GS Call 464 EUR KBC GROEP NV 31Dec9,GOLDMAN SACHS & CO WERTP.GMBH Call 46.4 EUR KBC GROEP NV 31Dec99,NL0011934724,,1121562,,gs-call-464-eur-kbc-groep-nv-31dec9
netherlands,GS Call 452 EUR DAIMLER BENZ 31Dec9,GOLDMAN SACHS & CO WERTP.GMBH Call 45.2 EUR DAIMLER BENZ 31Dec99,NL0011049622,,1121561,,gs-call-452-eur-daimler-benz-31dec9
netherlands,GS Call 357 EUR KBC GROEP NV 31Dec9,GOLDMAN SACHS & CO WERTP.GMBH Call 35.7 EUR KBC GROEP NV 31Dec99,NL0011891346,,1121560,,gs-call-357-eur-kbc-groep-nv-31dec9
netherlands,GS Call 2037208 EUR BOSKALIS 31Dec9,GOLDMAN SACHS & CO WERTP.GMBH Call 20.37208 EUR BOSKALIS 31Dec99,NL0013230428,,1121559,,gs-call-2037208-eur-boskalis-31dec9
netherlands,GS Call 2520 USD S AND P 500 31Dec9,GOLDMAN SACHS & CO WERTP.GMBH Call 2520 USD S AND P 500 31Dec99,NL0013228364,,1121556,,gs-call-2520-usd-s-and-p-500-31dec9
netherlands,BNP Call KONINKLIJKE WESSAN 31Dec99,BNP PARIBAS ARBITRAGE ISSUANCE BV Call KONINKLIJKE WESSANEN 31Dec99,NL0013157803,,1121567,,bnp-call-koninklijke-wessan-31dec99
netherlands,BNP Put 24813 JPY NIKKEI 225 31Dec9,BNP PARIBAS ARBITRAGE ISSUANCE BV Put 24813 JPY NIKKEI 225 31Dec99,NL0013157308,,1121555,,bnp-put-24813-jpy-nikkei-225-31dec9
netherlands,BNP Call 10 USD NYMEX CRUDE 03/16,BNP PARIBAS ARBITRAGE ISSUANCE BV Call 10 USD NYMEX LS CRUDE 03/16 31Dec99,NL0011636956,,1119431,,bnp-call-10-usd-nymex-crude-03-16
netherlands,BNP Put 24292 JPY NIKKEI 225 31Dec9,BNP PARIBAS ARBITRAGE ISSUANCE BV Put 24292 JPY NIKKEI 225 31Dec99,NL0013157290,,1121554,,bnp-put-24292-jpy-nikkei-225-31dec9
netherlands,BNP Put 23771 JPY NIKKEI 225 31Dec9,BNP PARIBAS ARBITRAGE ISSUANCE BV Put 23771 JPY NIKKEI 225 31Dec99,NL0013157282,,1121553,,bnp-put-23771-jpy-nikkei-225-31dec9
netherlands,BNP Put 2945 EUR CORBION NV 31Dec99,BNP PARIBAS ARBITRAGE ISSUANCE BV Put 29.45 EUR CORBION N.V. 31Dec99,NL0013282015,,1121552,,bnp-put-2945-eur-corbion-nv-31dec99
netherlands,GS Put 901 EUR KBC GROEP NV 31Dec99,GOLDMAN SACHS & CO WERTP.GMBH Put 90.1 EUR KBC GROEP NV 31Dec99,NL0011994009,,1121551,,gs-put-901-eur-kbc-groep-nv-31dec99
netherlands,GS Put 3910857 EUR AALBERTS 31Dec99,GOLDMAN SACHS & CO WERTP.GMBH Put 39.10857 EUR AALBERTS 31Dec99,NL0013084965,,1121550,,gs-put-3910857-eur-aalberts-31dec99
netherlands,GS Put 3601143 EUR AALBERTS 31Dec99,GOLDMAN SACHS & CO WERTP.GMBH Put 36.01143 EUR AALBERTS 31Dec99,NL0013190556,,1121549,,gs-put-3601143-eur-aalberts-31dec99
netherlands,BNP Put 6833 EUR TAKEAWAYCOM 31Dec9,BNP PARIBAS ARBITRAGE ISSUANCE BV Put 68.33 EUR TAKEAWAY.COM 31Dec99,NL0013275530,,1121566,,bnp-put-6833-eur-takeawaycom-31dec9
netherlands,BNP Call Crude Oil 03/19 31Dec99,BNP PARIBAS ARBITRAGE ISSUANCE BV Call NYMEX LS CRUDE 03/19 31Dec99,NL0013284516,,1121568,,bnp-call-crude-oil-03-19-31dec99
netherlands,GS Call 86 EUR SBM OFFSHORE 31Dec99,GOLDMAN SACHS & CO WERTP.GMBH Call 8.6 EUR SBM OFFSHORE 31Dec99,NL0011041835,,1121547,,gs-call-86-eur-sbm-offshore-31dec99
netherlands,GS Call 465ARCELORMITTAL 31Dec99,GOLDMAN SACHS & CO WERTP.GMBH Call 4.65 EUR ARCELORMITTAL 31Dec99,NL0011926886,,1121580,,gs-call-465arcelormittal-31dec99
netherlands,BNP Put 280809 USD S&P 500 31Dec99,BNP PARIBAS ARBITRAGE ISSUANCE BV Put 2808.09 USD S AND P 500 31Dec99,NL0013164411,,1121589,,bnp-put-280809-usd-s-p-500-31dec99
sweden,NBp Call S&P 500 31Dec99,Nordea Bank Abp Call S&P 500 31Dec99,SE0011978634,,1122914,,nbp-call-s-p-500-31dec99
sweden,NB ZT 66 SEK ELEKTA B 31Dec99,Nordea Bank AB ZT 66 SEK ELEKTA B 31Dec99,SE0010978080,,1122879,,nb-zt-66-sek-elekta-b-31dec99
sweden,NB ZT 73 SEK Nordea Bank 31Dec99,Nordea Bank AB ZT 73 SEK Nordea Bank 31Dec99,SE0010978189,,1122881,,nb-zt-73-sek-nordea-bank-31dec99
sweden,NB ZT 3450 USD S&P 500 31Dec99,Nordea Bank AB ZT 3450 USD S&P 500 31Dec99,SE0010825208,,1122876,,nb-zt-3450-usd-s-p-500-31dec99
sweden,NB Call 5550 USD NASDAQ 100 31Dec99,Nordea Bank AB Call 5550 USD NASDAQ 100 31Dec99,SE0010979104,,1122781,,nb-call-5550-usd-nasdaq-100-31dec99
sweden,NB ZT 69 SEK Stora Enso Oyj 31Dec99,Nordea Bank AB ZT 69 SEK Stora Enso Oyj 31Dec99,SE0010821744,,1122880,,nb-zt-69-sek-stora-enso-oyj-31dec99
sweden,NB Call 1270 SEK OMXS30 31Dec99,Nordea Bank AB Call 1270 SEK OMXS30 31Dec99,SE0010140251,,1122759,,nb-call-1270-sek-omxs30-31dec99
sweden,NB Call 1100 SEK OMXS30 31Dec99,Nordea Bank AB Call 1100 SEK OMXS30 31Dec99,SE0009892888,,1122752,,nb-call-1100-sek-omxs30-31dec99
sweden,NB Call 1170 SEK OMXS30 31Dec99,Nordea Bank AB Call 1170 SEK OMXS30 31Dec99,SE0010140244,,1122755,,nb-call-1170-sek-omxs30-31dec99
sweden,NBp Call x12 Brent Oil 314 Dec99,Nordea Bank Abp Call x12 ICE Brent Crude Oil 314 Dec99,SE0011759224,,1122920,,nbp-call-x12-brent-oil-314-dec99
sweden,NBp Call x18 OMXS30 31Dec99,Nordea Bank Abp Call x18 OMXS30 31Dec99,SE0011761287,,1122923,,nbp-call-x18-omxs30-31dec99
sweden,NBp Call Silver 31Dec99,Nordea Bank Abp Call Silver 31Dec99,SE0011979285,,1122915,,nbp-call-silver-31dec99
sweden,NB ZT 47.7 SEK Ericsson ser. B,Nordea Bank AB ZT 47.7 SEK Ericsson ser. B 31Dec99,SE0010829101,,1122878,,nb-zt-47.7-sek-ericsson-ser.-b
sweden,NBp Call x20 OMXS30 31Dec99,Nordea Bank Abp Call x20 OMXS30 31Dec99,SE0011978659,,1122924,,nbp-call-x20-omxs30-31dec99
sweden,NBp Call 38 SEK Collector 31Dec99,Nordea Bank Abp Call 38 SEK Collector 31Dec99,SE0011424738,,1122898,,nbp-call-38-sek-collector-31dec99
sweden,NBp Call x10 ICE Brent Crude Oil,Nordea Bank Abp Call x10 ICE Brent Crude Oil 31Dec99,SE0011761717,,1122918,,nbp-call-x10-ice-brent-crude-oil
sweden,NBp Call DAX 31Dec99,Nordea Bank Abp Call DAX 31Dec99,SE0011978675,,1122910,,nbp-call-dax-31dec99
sweden,NBp Call x15 ICE Brent Crude Oil,Nordea Bank Abp Call x15 ICE Brent Crude Oil 31Dec99,SE0011979244,,1122922,,nbp-call-x15-ice-brent-crude-oil
sweden,NBp Call x10 ICE Brent Crude Oil 4,Nordea Bank Abp Call x10 ICE Brent Crude Oil 4 31Dec99,SE0011759240,,1122919,,nbp-call-x10-ice-brent-crude-oil-4
sweden,NBp Call 11.6 USD Silver 31Dec99,Nordea Bank Abp Call 11.6 USD Silver 31Dec99,SE0011756543,,1122885,,nbp-call-11.6-usd-silver-31dec99
sweden,NBp Call Boliden AB 31Dec99,Nordea Bank Abp Call Boliden AB 31Dec99,SE0011423383,,1122909,,nbp-call-boliden-ab-31dec99
sweden,NB Call 1222 SEK OMXS30 31Dec99,Nordea Bank AB Call 1222 SEK OMXS30 31Dec99,SE0009982739,,1122757,,nb-call-1222-sek-omxs30-31dec99
sweden,NBp Call x12 ICE Brent Crude Oil,Nordea Bank Abp Call x12 ICE Brent Crude Oil 31Dec99,SE0011975044,,1122921,,nbp-call-x12-ice-brent-crude-oil
sweden,NB Call 24 SEK Lundin Mining Corp,Nordea Bank AB Call 24 SEK Lundin Mining Corp  31Dec99,SE0009983166,,1122772,,nb-call-24-sek-lundin-mining-corp
sweden,NB Call MINI GULD NORDENT 7 31Dec99,Nordea Bank AB Call MINI GULD NORDENT 7 31Dec99,SE0009978984,,1122800,,nb-call-mini-guld-nordent-7-31dec99
sweden,NB Put 1100 NOK OBX International,Nordea Bank AB Put 1100 NOK OBX International 31Dec99,NO0010828502,,1122806,,nb-put-1100-nok-obx-international
sweden,NBp Call 130 SEK Boliden AB 31Dec99,Nordea Bank Abp Call 130 SEK Boliden AB 31Dec99,SE0011424696,,1122888,,nbp-call-130-sek-boliden-ab-31dec99
sweden,NBp Call Hennes and Mauritz ser. B,Nordea Bank Abp Call Hennes and Mauritz ser. B 31Dec99,SE0011423425,,1122913,,nbp-call-hennes-and-mauritz-ser.-b
sweden,NBp Call SSAB A shares 31Dec99,Nordea Bank Abp Call SSAB A shares 31Dec99,SE0011423664,,1122916,,nbp-call-ssab-a-shares-31dec99
sweden,NBp Call Gold 31Dec99,Nordea Bank Abp Call Gold 31Dec99,SE0011979269,,1122912,,nbp-call-gold-31dec99
sweden,NBp Call x5 Swedbank 31Dec99,Nordea Bank Abp Call x5 Swedbank 31Dec99,SE0011423581,,1122926,,nbp-call-x5-swedbank-31dec99
sweden,NB Call 6500 EUR DAX 31Dec99,Nordea Bank AB Call 6500 EUR DAX 31Dec99,SE0009892599,,1122785,,nb-call-6500-eur-dax-31dec99
sweden,NB Call 8.3 USD COMEX Silver,Nordea Bank AB Call 8.3 USD COMEX Silver Commodity 31Dec99,SE0009982242,,1122787,,nb-call-8.3-usd-comex-silver
sweden,NB ZT 2230 SEK OMXS30 31Dec99,Nordea Bank AB ZT 2230 SEK OMXS30 31Dec99,SE0010825729,,1122871,,nb-zt-2230-sek-omxs30-31dec99
sweden,NBp Call 1175 USD Gold 31Dec99,Nordea Bank Abp Call 1175 USD Gold 31Dec99,SE0011759885,,1122886,,nbp-call-1175-usd-gold-31dec99
sweden,NB ZT 4140 USD S&P 500 31Dec99,Nordea Bank AB ZT 4140 USD S&P 500 31Dec99,SE0010825190,,1122877,,nb-zt-4140-usd-s-p-500-31dec99
sweden,NB ZT 312 SEK Investor B shares,Nordea Bank AB ZT 312 SEK Investor B shares 31Dec99,SE0010978163,,1122875,,nb-zt-312-sek-investor-b-shares
sweden,NB Call Mekonomen 31Dec99,Nordea Bank AB Call Mekonomen 31Dec99,SE0011170307,,1122797,,nb-call-mekonomen-31dec99
sweden,NBp Call x4 Swedbank 31Dec99,Nordea Bank Abp Call x4 Swedbank 31Dec99,SE0011423565,,1122925,,nbp-call-x4-swedbank-31dec99
sweden,NB Call Fingerprint Cards B 31Dec99,Nordea Bank AB Call Fingerprint Cards B 31Dec99,SE0011168244,,1122794,,nb-call-fingerprint-cards-b-31dec99
sweden,NBp Call 90 SEK Tele2 AB ser. B,Nordea Bank Abp Call 90 SEK Tele2 AB ser. B 31Dec99,SE0011752310,,1122908,,nbp-call-90-sek-tele2-ab-ser.-b
sweden,NB ZT 237 SEK Volvo AB ser. B,Nordea Bank AB ZT 237 SEK Volvo AB ser. B 31Dec99,SE0010629618,,1122872,,nb-zt-237-sek-volvo-ab-ser.-b
sweden,NB Put 15800 EUR DAX 31Dec99,Nordea Bank AB Put 15800 EUR DAX 31Dec99,SE0009892755,,1122813,,nb-put-15800-eur-dax-31dec99
sweden,NB Call 42 SEK ELEKTA B 31Dec99,Nordea Bank AB Call 42 SEK ELEKTA B 31Dec99,SE0009983018,,1122775,,nb-call-42-sek-elekta-b-31dec99
sweden,NB Call MINI GULD NORDENT 14,Nordea Bank AB Call MINI GULD NORDENT 14 31Dec99,SE0009979057,,1122799,,nb-call-mini-guld-nordent-14
sweden,NB Put 19000 EUR DAX 31Dec99,Nordea Bank AB Put 19000 EUR DAX 31Dec99,SE0009892730,,1122820,,nb-put-19000-eur-dax-31dec99
sweden,NB Put 960 NOK OBX International,Nordea Bank AB Put 960 NOK OBX International 31Dec99,NO0010828486,,1122846,,nb-put-960-nok-obx-international
sweden,NBp Call Volvo AB ser. B 31Dec99,Nordea Bank Abp Call Volvo AB ser. B 31Dec99,SE0011423623,,1122917,,nbp-call-volvo-ab-ser.-b-31dec99
sweden,NBp Call Fingerprint Cards B,Nordea Bank Abp Call Fingerprint Cards B 31Dec99,SE0011978972,,1122911,,nbp-call-fingerprint-cards-b
sweden,NBp Call 1320 SEK OMXS30 31Dec99,Nordea Bank Abp Call 1320 SEK OMXS30 31Dec99,SE0011758853,,1122889,,nbp-call-1320-sek-omxs30-31dec99
